merchant_relation_key,abstract_sku,concrete_sku,price_type,store,currency,price_net,price_gross
mr-004,M61240,,DEFAULT,US,USD,12394,
mr-004,M61240,,ORIGINAL,US,USD,13771,
mr-004,,100107,DEFAULT,US,USD,12394,
mr-004,,100107,ORIGINAL,US,USD,13771,
mr-004,C2235,,DEFAULT,US,USD,6378,
mr-004,C2235,,ORIGINAL,US,USD,7086,
mr-004,,1001454,DEFAULT,US,USD,6378,
mr-004,,1001454,ORIGINAL,US,USD,7086,
mr-004,,100223,DEFAULT,US,USD,14193,
mr-004,,100223,ORIGINAL,US,USD,15770,
mr-004,M770,,DEFAULT,US,USD,20982,
mr-004,M770,,ORIGINAL,US,USD,23314,
mr-004,,100266,DEFAULT,US,USD,20982,
mr-004,,100266,ORIGINAL,US,USD,23314,
mr-004,M634,,DEFAULT,US,USD,106687,
mr-004,M634,,ORIGINAL,US,USD,118541,
mr-004,,100288,DEFAULT,US,USD,106687,
mr-004,,100288,ORIGINAL,US,USD,118541,
mr-004,M10569,,DEFAULT,US,USD,22530,
mr-004,M10569,,ORIGINAL,US,USD,25033,
mr-004,,100414,DEFAULT,US,USD,22530,
mr-004,,100414,ORIGINAL,US,USD,25033,
mr-004,M39654,,DEFAULT,US,USD,5622,
mr-004,M39654,,ORIGINAL,US,USD,6246,
mr-004,,100429,DEFAULT,US,USD,5622,
mr-004,,100429,ORIGINAL,US,USD,6246,
mr-004,M11222,,DEFAULT,US,USD,9198,
mr-004,M11222,,ORIGINAL,US,USD,10219,
mr-004,,100430,DEFAULT,US,USD,9198,
mr-004,,100430,ORIGINAL,US,USD,10219,
mr-004,M2393,,DEFAULT,US,USD,8250,
mr-004,M2393,,ORIGINAL,US,USD,9166,
mr-004,,100588,DEFAULT,US,USD,8250,
mr-004,,100588,ORIGINAL,US,USD,9166,
mr-004,M45050,,DEFAULT,US,USD,19396,
mr-004,M45050,,ORIGINAL,US,USD,21550,
mr-004,,100666,DEFAULT,US,USD,19396,
mr-004,,100666,ORIGINAL,US,USD,21550,
mr-004,M302,,DEFAULT,US,USD,8357,
mr-004,M302,,ORIGINAL,US,USD,9285,
mr-004,,100682,DEFAULT,US,USD,8357,
mr-004,,100682,ORIGINAL,US,USD,9285,
mr-004,M75601,,DEFAULT,US,USD,10382,
mr-004,M75601,,ORIGINAL,US,USD,11536,
mr-004,,100683,DEFAULT,US,USD,10382,
mr-004,,100683,ORIGINAL,US,USD,11536,
mr-004,M53238,,DEFAULT,US,USD,15294,
mr-004,M53238,,ORIGINAL,US,USD,16993,
mr-004,,100907,DEFAULT,US,USD,15294,
mr-004,,100907,ORIGINAL,US,USD,16993,
mr-004,M53331,,DEFAULT,US,USD,12593,
mr-004,M53331,,ORIGINAL,US,USD,13992,
mr-004,,100949,DEFAULT,US,USD,12593,
mr-004,,100949,ORIGINAL,US,USD,13992,
mr-004,M49344,,DEFAULT,US,USD,11254,
mr-004,M49344,,ORIGINAL,US,USD,12505,
mr-004,,100999,DEFAULT,US,USD,11254,
mr-004,,100999,ORIGINAL,US,USD,12505,
mr-004,M49207,,DEFAULT,US,USD,30269,
mr-004,M49207,,ORIGINAL,US,USD,33632,
mr-004,,101007,DEFAULT,US,USD,30269,
mr-004,,101007,ORIGINAL,US,USD,33632,
mr-004,M53235,,DEFAULT,US,USD,26972,
mr-004,M53235,,ORIGINAL,US,USD,29969,
mr-004,,101102,DEFAULT,US,USD,26972,
mr-004,,101102,ORIGINAL,US,USD,29969,
mr-004,M731,,DEFAULT,US,USD,24382,
mr-004,M731,,ORIGINAL,US,USD,27090,
mr-004,,101171,DEFAULT,US,USD,24382,
mr-004,,101171,ORIGINAL,US,USD,27090,
mr-004,M1028038,,DEFAULT,US,USD,13483,
mr-004,M1028038,,ORIGINAL,US,USD,14981,
mr-004,,101172,DEFAULT,US,USD,13483,
mr-004,,101172,ORIGINAL,US,USD,14981,
mr-004,M2495,,DEFAULT,US,USD,12917,
mr-004,M2495,,ORIGINAL,US,USD,14352,
mr-004,,101226,DEFAULT,US,USD,12917,
mr-004,,101226,ORIGINAL,US,USD,14352,
mr-004,M11480,,DEFAULT,US,USD,15314,
mr-004,M11480,,ORIGINAL,US,USD,17016,
mr-004,,101441,DEFAULT,US,USD,15314,
mr-004,,101441,ORIGINAL,US,USD,17016,
mr-004,M1014948,,DEFAULT,US,USD,14786,
mr-004,M1014948,,ORIGINAL,US,USD,16428,
mr-004,,101509,DEFAULT,US,USD,14786,
mr-004,,101509,ORIGINAL,US,USD,16428,
mr-004,M64933,,DEFAULT,US,USD,9202,
mr-004,M64933,,ORIGINAL,US,USD,10225,
mr-004,,101515,DEFAULT,US,USD,9202,
mr-004,,101515,ORIGINAL,US,USD,10225,
mr-004,M39658,,DEFAULT,US,USD,15350,
mr-004,M39658,,ORIGINAL,US,USD,17056,
mr-004,,101560,DEFAULT,US,USD,15350,
mr-004,,101560,ORIGINAL,US,USD,17056,
mr-004,M15226,,DEFAULT,US,USD,17158,
mr-004,M15226,,ORIGINAL,US,USD,19065,
mr-004,,101759,DEFAULT,US,USD,17158,
mr-004,,101759,ORIGINAL,US,USD,19065,
mr-004,M79890,,DEFAULT,US,USD,8790,
mr-004,M79890,,ORIGINAL,US,USD,9766,
mr-004,,101828,DEFAULT,US,USD,8790,
mr-004,,101828,ORIGINAL,US,USD,9766,
mr-004,M74972,,DEFAULT,US,USD,26414,
mr-004,M74972,,ORIGINAL,US,USD,29349,
mr-004,,101863,DEFAULT,US,USD,26414,
mr-004,,101863,ORIGINAL,US,USD,29349,
mr-004,M74974,,DEFAULT,US,USD,34582,
mr-004,M74974,,ORIGINAL,US,USD,38425,
mr-004,,101865,DEFAULT,US,USD,34582,
mr-004,,101865,ORIGINAL,US,USD,38425,
mr-004,M74907,,DEFAULT,US,USD,47783,
mr-004,M74907,,ORIGINAL,US,USD,53092,
mr-004,,101940,DEFAULT,US,USD,47783,
mr-004,,101940,ORIGINAL,US,USD,53092,
mr-004,M1018212,,DEFAULT,US,USD,34410,
mr-004,M1018212,,ORIGINAL,US,USD,38233,
mr-004,,102121,DEFAULT,US,USD,34410,
mr-004,,102121,ORIGINAL,US,USD,38233,
mr-004,M58035,,DEFAULT,US,USD,21842,
mr-004,M58035,,ORIGINAL,US,USD,24269,
mr-004,,102124,DEFAULT,US,USD,21842,
mr-004,,102124,ORIGINAL,US,USD,24269,
mr-004,,102126,DEFAULT,US,USD,21282,
mr-004,,102126,ORIGINAL,US,USD,23646,
mr-004,,102128,DEFAULT,US,USD,25295,
mr-004,,102128,ORIGINAL,US,USD,28106,
mr-004,,102130,DEFAULT,US,USD,26039,
mr-004,,102130,ORIGINAL,US,USD,28932,
mr-004,M58100,,DEFAULT,US,USD,21181,
mr-004,M58100,,ORIGINAL,US,USD,23534,
mr-004,,102169,DEFAULT,US,USD,21181,
mr-004,,102169,ORIGINAL,US,USD,23534,
mr-004,M58095,,DEFAULT,US,USD,12288,
mr-004,M58095,,ORIGINAL,US,USD,13653,
mr-004,,102177,DEFAULT,US,USD,12288,
mr-004,,102177,ORIGINAL,US,USD,13653,
mr-004,M58102,,DEFAULT,US,USD,13472,
mr-004,,102180,DEFAULT,US,USD,13472,
mr-004,M58103,,DEFAULT,US,USD,13472,
mr-004,,102181,DEFAULT,US,USD,13472,
mr-004,M58104,,DEFAULT,US,USD,13472,
mr-004,,102182,DEFAULT,US,USD,13472,
mr-004,M58105,,DEFAULT,US,USD,13472,
mr-004,,102183,DEFAULT,US,USD,13472,
mr-004,M61124,,DEFAULT,US,USD,12378,
mr-004,,102708,DEFAULT,US,USD,12378,
mr-004,M61125,,DEFAULT,US,USD,14628,
mr-004,,102712,DEFAULT,US,USD,14628,
mr-004,M53287,,DEFAULT,US,USD,10126,
mr-004,,102775,DEFAULT,US,USD,10126,
mr-004,M53288,,DEFAULT,US,USD,10427,
mr-004,,102779,DEFAULT,US,USD,10427,
mr-004,M226,,DEFAULT,US,USD,31282,
mr-004,,102809,DEFAULT,US,USD,31282,
mr-004,M62584,,DEFAULT,US,USD,13427,
mr-004,,102841,DEFAULT,US,USD,13427,
mr-004,M766,,DEFAULT,US,USD,15378,
mr-004,,102917,DEFAULT,US,USD,15378,
mr-004,M767,,DEFAULT,US,USD,15866,
mr-004,,102918,DEFAULT,US,USD,15866,
mr-004,M768,,DEFAULT,US,USD,17328,
mr-004,,102919,DEFAULT,US,USD,17328,
mr-004,M769,,DEFAULT,US,USD,18529,
mr-004,,102920,DEFAULT,US,USD,18529,
mr-004,M771,,DEFAULT,US,USD,20029,
mr-004,,102922,DEFAULT,US,USD,20029,
mr-004,M787,,DEFAULT,US,USD,18603,
mr-004,,102923,DEFAULT,US,USD,18603,
mr-004,M788,,DEFAULT,US,USD,19879,
mr-004,,102924,DEFAULT,US,USD,19879,
mr-004,M789,,DEFAULT,US,USD,20329,
mr-004,,102925,DEFAULT,US,USD,20329,
mr-004,,102935,DEFAULT,US,USD,10291,
mr-004,,102936,DEFAULT,US,USD,11740,
mr-004,,102938,DEFAULT,US,USD,13953,
mr-004,,102939,DEFAULT,US,USD,14778,
mr-004,M719,,DEFAULT,US,USD,15416,
mr-004,,102940,DEFAULT,US,USD,15416,
mr-004,M72878,,DEFAULT,US,USD,15129,
mr-004,,102972,DEFAULT,US,USD,15129,
mr-004,M64947,,DEFAULT,US,USD,10622,
mr-004,,102976,DEFAULT,US,USD,10622,
mr-004,M64934,,DEFAULT,US,USD,16428,
mr-004,,102988,DEFAULT,US,USD,16428,
mr-004,M40490,,DEFAULT,US,USD,20929,
mr-004,,103117,DEFAULT,US,USD,20929,
mr-004,M40491,,DEFAULT,US,USD,26930,
mr-004,,103118,DEFAULT,US,USD,26930,
mr-004,M11306,,DEFAULT,US,USD,12047,
mr-004,,103235,DEFAULT,US,USD,12047,
mr-004,M74815,,DEFAULT,US,USD,14178,
mr-004,,103296,DEFAULT,US,USD,14178,
mr-004,M66923,,DEFAULT,US,USD,7471,
mr-004,,103388,DEFAULT,US,USD,7471,
mr-004,M69408,,DEFAULT,US,USD,17028,
mr-004,,103510,DEFAULT,US,USD,17028,
mr-004,M1028049,,DEFAULT,US,USD,22430,
mr-004,,103740,DEFAULT,US,USD,22430,
mr-004,M72844,,DEFAULT,US,USD,51686,
mr-004,,103836,DEFAULT,US,USD,51686,
mr-004,M72843,,DEFAULT,US,USD,34432,
mr-004,,103838,DEFAULT,US,USD,34432,
mr-004,M72937,,DEFAULT,US,USD,39833,
mr-004,,103889,DEFAULT,US,USD,39833,
mr-004,M72938,,DEFAULT,US,USD,41258,
mr-004,,103890,DEFAULT,US,USD,41258,
mr-004,M72933,,DEFAULT,US,USD,31994,
mr-004,,103905,DEFAULT,US,USD,31994,
mr-004,M72935,,DEFAULT,US,USD,33419,
mr-004,,103907,DEFAULT,US,USD,33419,
mr-004,M26831,,DEFAULT,US,USD,51686,
mr-004,,104074,DEFAULT,US,USD,51686,
mr-004,M10577,,DEFAULT,US,USD,6578,
mr-004,,104151,DEFAULT,US,USD,6578,
mr-004,M10871,,DEFAULT,US,USD,7718,
mr-004,,104190,DEFAULT,US,USD,7718,
mr-004,M10872,,DEFAULT,US,USD,8191,
mr-004,,104192,DEFAULT,US,USD,8191,
mr-004,M11473,,DEFAULT,US,USD,8484,
mr-004,,104440,DEFAULT,US,USD,8484,
mr-004,M75071,,DEFAULT,US,USD,15571,
mr-004,,104445,DEFAULT,US,USD,15571,
mr-004,M11542,,DEFAULT,US,USD,7718,
mr-004,M11542,,ORIGINAL,US,USD,8576,
mr-004,,104517,DEFAULT,US,USD,7718,
mr-004,,104517,ORIGINAL,US,USD,8576,
mr-004,M2365,,DEFAULT,US,USD,19054,
mr-004,,104523,DEFAULT,US,USD,19054,
mr-004,M2366,,DEFAULT,US,USD,20525,
mr-004,,104524,DEFAULT,US,USD,20525,
mr-004,M526,,DEFAULT,US,USD,21298,
mr-004,,104937,DEFAULT,US,USD,21298,
mr-004,M528,,DEFAULT,US,USD,22107,
mr-004,M528,,ORIGINAL,US,USD,24563,
mr-004,,104939,DEFAULT,US,USD,22107,
mr-004,,104939,ORIGINAL,US,USD,24563,
mr-004,M79892,,DEFAULT,US,USD,9691,
mr-004,,107061,DEFAULT,US,USD,9691,
mr-004,M79932,,DEFAULT,US,USD,6685,
mr-004,,107063,DEFAULT,US,USD,6685,
mr-004,M80392,,DEFAULT,US,USD,13666,
mr-004,,107253,DEFAULT,US,USD,13666,
mr-004,,107252,DEFAULT,US,USD,15033,
mr-004,M12655,,DEFAULT,US,USD,13666,
mr-004,,107254,DEFAULT,US,USD,13666,
mr-004,M87416,,DEFAULT,US,USD,30137,
mr-004,,107273,DEFAULT,US,USD,30137,
mr-004,M87599,,DEFAULT,US,USD,52108,
mr-004,,107287,DEFAULT,US,USD,52108,
mr-004,M213,,DEFAULT,US,USD,19152,
mr-004,,107305,DEFAULT,US,USD,19152,
mr-004,M229,,DEFAULT,US,USD,25331,
mr-004,,107306,DEFAULT,US,USD,25331,
mr-004,M14054,,DEFAULT,US,USD,34257,
mr-004,,107310,DEFAULT,US,USD,34257,
mr-004,M15127,,DEFAULT,US,USD,19152,
mr-004,,107311,DEFAULT,US,USD,19152,
mr-004,M432,,DEFAULT,US,USD,43218,
mr-004,,107313,DEFAULT,US,USD,43218,
mr-004,M87464,,DEFAULT,US,USD,27390,
mr-004,,107315,DEFAULT,US,USD,27390,
mr-004,M86939,,DEFAULT,US,USD,14382,
mr-004,,107396,DEFAULT,US,USD,14382,
mr-004,M86938,,DEFAULT,US,USD,15827,
mr-004,,107403,DEFAULT,US,USD,15827,
mr-004,M90851,,DEFAULT,US,USD,97172,
mr-004,,107938,DEFAULT,US,USD,97172,
mr-004,M90810,,DEFAULT,US,USD,25331,
mr-004,,108263,DEFAULT,US,USD,25331,
mr-004,M90737,,DEFAULT,US,USD,11606,
mr-004,,108278,DEFAULT,US,USD,11606,
mr-004,M90800,,DEFAULT,US,USD,23958,
mr-004,,108287,DEFAULT,US,USD,23958,
mr-004,M90805,,DEFAULT,US,USD,35630,
mr-004,,108298,DEFAULT,US,USD,35630,
mr-004,M90806,,DEFAULT,US,USD,44591,
mr-004,,108302,DEFAULT,US,USD,44591,
mr-004,M1000785,,DEFAULT,US,USD,32450,
mr-004,,212427,DEFAULT,US,USD,32450,
mr-004,M1000786,,DEFAULT,US,USD,9716,
mr-004,,212440,DEFAULT,US,USD,9716,
mr-004,M1000838,,DEFAULT,US,USD,113030,
mr-004,,212442,DEFAULT,US,USD,113030,
mr-004,M1000839,,DEFAULT,US,USD,134330,
mr-004,,212444,DEFAULT,US,USD,134330,
mr-004,M1000840,,DEFAULT,US,USD,212916,
mr-004,,212447,DEFAULT,US,USD,212916,
mr-004,M1006484,,DEFAULT,US,USD,17005,
mr-004,,212837,DEFAULT,US,USD,17005,
mr-004,M1006811,,DEFAULT,US,USD,11491,
mr-004,,213103,DEFAULT,US,USD,11491,
mr-004,M1006871,,DEFAULT,US,USD,19441,
mr-004,,213216,DEFAULT,US,USD,19441,
mr-004,M5108,,DEFAULT,US,USD,7219,
mr-004,,400065,DEFAULT,US,USD,7219,
mr-004,M5043,,DEFAULT,US,USD,21500,
mr-004,,400072,DEFAULT,US,USD,21500,
mr-004,M5022,,DEFAULT,US,USD,14382,
mr-004,,400074,DEFAULT,US,USD,14382,
mr-004,M5113,,DEFAULT,US,USD,12936,
mr-004,,400434,DEFAULT,US,USD,12936,
mr-004,M65062,,DEFAULT,US,USD,118887,
mr-004,,400855,DEFAULT,US,USD,118887,
mr-004,M5154,,DEFAULT,US,USD,8781,
mr-004,,401627,DEFAULT,US,USD,8781,
mr-004,M5155,,DEFAULT,US,USD,12301,
mr-004,,401629,DEFAULT,US,USD,12301,
mr-004,M5147,,DEFAULT,US,USD,12647,
mr-004,,401768,DEFAULT,US,USD,12647,
mr-004,M5148,,DEFAULT,US,USD,17273,
mr-004,,401781,DEFAULT,US,USD,17273,
mr-004,M5044,,DEFAULT,US,USD,14245,
mr-004,,403006,DEFAULT,US,USD,14245,
mr-004,M70208,,DEFAULT,US,USD,15827,
mr-004,,403125,DEFAULT,US,USD,15827,
mr-004,M88184,,DEFAULT,US,USD,469768,
mr-004,,404108,DEFAULT,US,USD,469768,
mr-004,M1031236,,DEFAULT,US,USD,13370,
mr-004,,408034,DEFAULT,US,USD,13370,
mr-004,M1031238,,DEFAULT,US,USD,4184,
mr-004,,408104,DEFAULT,US,USD,4184,
mr-004,M90799,,DEFAULT,US,USD,27390,
mr-004,,410075,DEFAULT,US,USD,27390,
mr-004,M90802,,DEFAULT,US,USD,33570,
mr-004,,410083,DEFAULT,US,USD,33570,
mr-004,M1024684,,DEFAULT,US,USD,42495,
mr-004,,410090,DEFAULT,US,USD,42495,
mr-004,M1024689,,DEFAULT,US,USD,59696,
mr-004,,410102,DEFAULT,US,USD,59696,
mr-004,M90804,,DEFAULT,US,USD,19152,
mr-004,,410104,DEFAULT,US,USD,19152,
mr-004,M1080190,,DEFAULT,US,USD,21898,
mr-004,,411653,DEFAULT,US,USD,21898,
mr-004,M1079243,,DEFAULT,US,USD,14382,
mr-004,,413849,DEFAULT,US,USD,14382,
mr-004,M1079219,,DEFAULT,US,USD,28114,
mr-004,,413850,DEFAULT,US,USD,28114,
mr-004,M1079221,,DEFAULT,US,USD,13057,
mr-004,,413852,DEFAULT,US,USD,13057,
mr-004,M1079222,,DEFAULT,US,USD,23054,
mr-004,,413854,DEFAULT,US,USD,23054,
mr-004,M1028375,,DEFAULT,US,USD,58323,
mr-004,,414097,DEFAULT,US,USD,58323,
mr-004,M1028376,,DEFAULT,US,USD,61720,
mr-004,,414098,DEFAULT,US,USD,61720,
mr-004,M29455,,DEFAULT,US,USD,23054,
mr-004,M29455,,ORIGINAL,US,USD,25616,
mr-004,,419780,DEFAULT,US,USD,23054,
mr-004,,419780,ORIGINAL,US,USD,25616,
mr-004,M29456,,DEFAULT,US,USD,18014,
mr-004,,419781,DEFAULT,US,USD,18014,
mr-004,,419782,DEFAULT,US,USD,14411,
mr-004,M29468,,DEFAULT,US,USD,39874,
mr-004,,419803,DEFAULT,US,USD,39874,
mr-004,M29499,,DEFAULT,US,USD,2254,
mr-004,,419869,DEFAULT,US,USD,2254,
mr-004,M29501,,DEFAULT,US,USD,19522,
mr-004,,419871,DEFAULT,US,USD,19522,
mr-004,M29502,,DEFAULT,US,USD,2630,
mr-004,,419872,DEFAULT,US,USD,2630,
mr-004,M29503,,DEFAULT,US,USD,4138,
mr-004,,419873,DEFAULT,US,USD,4138,
mr-004,M29504,,DEFAULT,US,USD,22537,
mr-004,,419876,DEFAULT,US,USD,22537,
mr-004,M29507,,DEFAULT,US,USD,14999,
mr-004,,419880,DEFAULT,US,USD,14999,
mr-004,M29523,,DEFAULT,US,USD,36858,
mr-004,,419897,DEFAULT,US,USD,36858,
mr-004,M29524,,DEFAULT,US,USD,26306,
mr-004,M29524,,ORIGINAL,US,USD,29228,
mr-004,,419898,DEFAULT,US,USD,26306,
mr-004,,419898,ORIGINAL,US,USD,29228,
mr-004,M29525,,DEFAULT,US,USD,7686,
mr-004,,419900,DEFAULT,US,USD,7686,
mr-004,M29526,,DEFAULT,US,USD,7686,
mr-004,,419901,DEFAULT,US,USD,7686,
mr-004,M29529,,DEFAULT,US,USD,61952,
mr-004,M29529,,ORIGINAL,US,USD,68835,
mr-004,,419904,DEFAULT,US,USD,61952,
mr-004,,419904,ORIGINAL,US,USD,68835,
mr-004,M29530,,DEFAULT,US,USD,71120,
mr-004,M29530,,ORIGINAL,US,USD,79022,
mr-004,,419905,DEFAULT,US,USD,71120,
mr-004,,419905,ORIGINAL,US,USD,79022,
mr-004,M21062,,DEFAULT,US,USD,348,
mr-004,,420506,DEFAULT,US,USD,348,
mr-004,M21066,,DEFAULT,US,USD,196,
mr-004,,420514,DEFAULT,US,USD,196,
mr-004,M21067,,DEFAULT,US,USD,226,
mr-004,,420520,DEFAULT,US,USD,226,
mr-004,M21073,,DEFAULT,US,USD,447,
mr-004,,420527,DEFAULT,US,USD,447,
mr-004,M21090,,DEFAULT,US,USD,1459,
mr-004,,420549,DEFAULT,US,USD,1459,
mr-004,M21091,,DEFAULT,US,USD,2245,
mr-004,,420550,DEFAULT,US,USD,2245,
mr-004,M21092,,DEFAULT,US,USD,758,
mr-004,,420551,DEFAULT,US,USD,758,
mr-004,M21093,,DEFAULT,US,USD,2192,
mr-004,,420554,DEFAULT,US,USD,2192,
mr-004,M21094,,DEFAULT,US,USD,8345,
mr-004,,420555,DEFAULT,US,USD,8345,
mr-004,M21097,,DEFAULT,US,USD,1558,
mr-004,,420562,DEFAULT,US,USD,1558,
mr-004,M21099,,DEFAULT,US,USD,667,
mr-004,,420565,DEFAULT,US,USD,667,
mr-004,M21100,,DEFAULT,US,USD,1062,
mr-004,,420566,DEFAULT,US,USD,1062,
mr-004,M21101,,DEFAULT,US,USD,1622,
mr-004,,420567,DEFAULT,US,USD,1622,
mr-004,M21103,,DEFAULT,US,USD,1746,
mr-004,,420573,DEFAULT,US,USD,1746,
mr-004,M21104,,DEFAULT,US,USD,6111,
mr-004,,420574,DEFAULT,US,USD,6111,
mr-004,M21105,,DEFAULT,US,USD,1594,
mr-004,,420575,DEFAULT,US,USD,1594,
mr-004,M21189,,DEFAULT,US,USD,530,
mr-004,,420685,DEFAULT,US,USD,320,
mr-004,M21190,,DEFAULT,US,USD,325,
mr-004,M21190,,ORIGINAL,US,USD,361,
mr-004,,420687,DEFAULT,US,USD,325,
mr-004,,420687,ORIGINAL,US,USD,361,
mr-004,M21191,,DEFAULT,US,USD,244,
mr-004,,420689,DEFAULT,US,USD,244,
mr-004,M21193,,DEFAULT,US,USD,589,
mr-004,,420691,DEFAULT,US,USD,589,
mr-004,M21194,,DEFAULT,US,USD,390,
mr-004,,420692,DEFAULT,US,USD,390,
mr-004,M21195,,DEFAULT,US,USD,284,
mr-004,,420694,DEFAULT,US,USD,284,
mr-004,M21196,,DEFAULT,US,USD,635,
mr-004,,420695,DEFAULT,US,USD,635,
mr-004,M21197,,DEFAULT,US,USD,828,
mr-004,,420696,DEFAULT,US,USD,828,
mr-004,M21200,,DEFAULT,US,USD,290,
mr-004,,420706,DEFAULT,US,USD,290,
mr-004,M21201,,DEFAULT,US,USD,284,
mr-004,,420707,DEFAULT,US,USD,284,
mr-004,M21202,,DEFAULT,US,USD,701,
mr-004,,420708,DEFAULT,US,USD,701,
mr-004,M21203,,DEFAULT,US,USD,701,
mr-004,,420709,DEFAULT,US,USD,701,
mr-004,M21205,,DEFAULT,US,USD,165,
mr-004,,420712,DEFAULT,US,USD,165,
mr-004,M21296,,DEFAULT,US,USD,794,
mr-004,,420836,DEFAULT,US,USD,794,
mr-004,M21299,,DEFAULT,US,USD,2452,
mr-004,,420845,DEFAULT,US,USD,2452,
mr-004,M21635,,DEFAULT,US,USD,960,
mr-004,,421245,DEFAULT,US,USD,960,
mr-004,M21636,,DEFAULT,US,USD,669,
mr-004,,421246,DEFAULT,US,USD,669,
mr-004,M21637,,DEFAULT,US,USD,377,
mr-004,,421247,DEFAULT,US,USD,377,
mr-004,M21638,,DEFAULT,US,USD,463,
mr-004,,421248,DEFAULT,US,USD,463,
mr-004,M21646,,DEFAULT,US,USD,171,
mr-004,,421261,DEFAULT,US,USD,171,
mr-004,M21648,,DEFAULT,US,USD,569,
mr-004,,421263,DEFAULT,US,USD,569,
mr-004,M21650,,DEFAULT,US,USD,363,
mr-004,,421265,DEFAULT,US,USD,363,
mr-004,M21679,,DEFAULT,US,USD,417,
mr-004,,421322,DEFAULT,US,USD,417,
mr-004,M21680,,DEFAULT,US,USD,356,
mr-004,,421323,DEFAULT,US,USD,356,
mr-004,M21681,,DEFAULT,US,USD,417,
mr-004,,421324,DEFAULT,US,USD,417,
mr-004,M21684,,DEFAULT,US,USD,211,
mr-004,,421327,DEFAULT,US,USD,211,
mr-004,M21690,,DEFAULT,US,USD,417,
mr-004,,421339,DEFAULT,US,USD,417,
mr-004,,421340,DEFAULT,US,USD,417,
mr-004,M21691,,DEFAULT,US,USD,417,
mr-004,,421341,DEFAULT,US,USD,417,
mr-004,,421342,DEFAULT,US,USD,417,
mr-004,M21692,,DEFAULT,US,USD,417,
mr-004,,421343,DEFAULT,US,USD,417,
mr-004,,421344,DEFAULT,US,USD,417,
mr-004,M21693,,DEFAULT,US,USD,417,
mr-004,,421345,DEFAULT,US,USD,417,
mr-004,,421346,DEFAULT,US,USD,417,
mr-004,M21694,,DEFAULT,US,USD,522,
mr-004,,421347,DEFAULT,US,USD,522,
mr-004,M21703,,DEFAULT,US,USD,330,
mr-004,,421378,DEFAULT,US,USD,330,
mr-004,M21708,,DEFAULT,US,USD,363,
mr-004,,421418,DEFAULT,US,USD,363,
mr-004,M21704,,DEFAULT,US,USD,244,
mr-004,,421425,DEFAULT,US,USD,244,
mr-004,M21711,,DEFAULT,US,USD,298,
mr-004,,421426,DEFAULT,US,USD,298,
mr-004,M21713,,DEFAULT,US,USD,689,
mr-004,,421428,DEFAULT,US,USD,689,
mr-004,M21714,,DEFAULT,US,USD,675,
mr-004,,421432,DEFAULT,US,USD,675,
mr-004,M21715,,DEFAULT,US,USD,390,
mr-004,,421433,DEFAULT,US,USD,390,
mr-004,M21716,,DEFAULT,US,USD,437,
mr-004,,421435,DEFAULT,US,USD,437,
mr-004,M21717,,DEFAULT,US,USD,165,
mr-004,,421436,DEFAULT,US,USD,165,
mr-004,M21740,,DEFAULT,US,USD,264,
mr-004,,421475,DEFAULT,US,USD,264,
mr-004,M21741,,DEFAULT,US,USD,264,
mr-004,,421476,DEFAULT,US,USD,264,
mr-004,M21742,,DEFAULT,US,USD,264,
mr-004,,421477,DEFAULT,US,USD,264,
mr-004,M21743,,DEFAULT,US,USD,264,
mr-004,,421478,DEFAULT,US,USD,264,
mr-004,M21744,,DEFAULT,US,USD,298,
mr-004,,421479,DEFAULT,US,USD,298,
mr-004,M21745,,DEFAULT,US,USD,794,
mr-004,,421481,DEFAULT,US,USD,794,
mr-004,M21759,,DEFAULT,US,USD,1987,
mr-004,M21759,,ORIGINAL,US,USD,2208,
mr-004,,421511,DEFAULT,US,USD,1987,
mr-004,,421511,ORIGINAL,US,USD,2208,
mr-004,M21766,,DEFAULT,US,USD,182,
mr-004,,421519,DEFAULT,US,USD,182,
mr-004,,421519_1,DEFAULT,US,USD,912,
mr-004,,421519_2,DEFAULT,US,USD,1824,
mr-004,,421519_3,DEFAULT,US,USD,2736,
mr-004,M21771,,DEFAULT,US,USD,176,
mr-004,,421530,DEFAULT,US,USD,176,
mr-004,M21772,,DEFAULT,US,USD,2449,
mr-004,,421531,DEFAULT,US,USD,2449,
mr-004,M21773,,DEFAULT,US,USD,2802,
mr-004,,421533,DEFAULT,US,USD,2802,
mr-004,M21774,,DEFAULT,US,USD,1128,
mr-004,,421534,DEFAULT,US,USD,1128,
mr-004,M21777,,DEFAULT,US,USD,966,
mr-004,,421538,DEFAULT,US,USD,966,
mr-004,M21778,,DEFAULT,US,USD,966,
mr-004,,421539,DEFAULT,US,USD,966,
mr-004,M21779,,DEFAULT,US,USD,2075,
mr-004,,421540,DEFAULT,US,USD,2075,
mr-004,M21903,,DEFAULT,US,USD,726,
mr-004,,421768,DEFAULT,US,USD,726,
mr-004,M22230,,DEFAULT,US,USD,705,
mr-004,,422524,DEFAULT,US,USD,705,
mr-004,M22232,,DEFAULT,US,USD,521,
mr-004,,422528,DEFAULT,US,USD,521,
mr-004,M22269,,DEFAULT,US,USD,599,
mr-004,,422573,DEFAULT,US,USD,599,
mr-004,M22397,,DEFAULT,US,USD,253,
mr-004,,422721,DEFAULT,US,USD,253,
mr-004,M22398,,DEFAULT,US,USD,32,
mr-004,,422722,DEFAULT,US,USD,32,
mr-004,M22410,,DEFAULT,US,USD,494,
mr-004,,422741,DEFAULT,US,USD,494,
mr-004,M22411,,DEFAULT,US,USD,494,
mr-004,,422743,DEFAULT,US,USD,494,
mr-004,M22412,,DEFAULT,US,USD,846,
mr-004,,422745,DEFAULT,US,USD,846,
mr-004,M22432,,DEFAULT,US,USD,387,
mr-004,,422780,DEFAULT,US,USD,387,
mr-004,M22484,,DEFAULT,US,USD,60,
mr-004,,422855,DEFAULT,US,USD,60,
mr-004,M22613,,DEFAULT,US,USD,140,
mr-004,,423105,DEFAULT,US,USD,140,
mr-004,M22660,,DEFAULT,US,USD,70,
mr-004,M22660,,ORIGINAL,US,USD,77,
mr-004,,423172,DEFAULT,US,USD,70,
mr-004,,423172,ORIGINAL,US,USD,77,
mr-004,M22661,,DEFAULT,US,USD,70,
mr-004,,423173,DEFAULT,US,USD,70,
mr-004,M22662,,DEFAULT,US,USD,70,
mr-004,,423174,DEFAULT,US,USD,70,
mr-004,M22663,,DEFAULT,US,USD,70,
mr-004,M22663,,ORIGINAL,US,USD,77,
mr-004,,423175,DEFAULT,US,USD,70,
mr-004,,423175,ORIGINAL,US,USD,77,
mr-004,M22664,,DEFAULT,US,USD,66,
mr-004,,423178,DEFAULT,US,USD,66,
mr-004,M22682,,DEFAULT,US,USD,3689,
mr-004,,423237,DEFAULT,US,USD,3689,
mr-004,M22293,,DEFAULT,US,USD,121,
mr-004,,423383,DEFAULT,US,USD,121,
mr-004,M22796,,DEFAULT,US,USD,74,
mr-004,M22796,,ORIGINAL,US,USD,82,
mr-004,,423452,DEFAULT,US,USD,74,
mr-004,,423452,ORIGINAL,US,USD,82,
mr-004,M22797,,DEFAULT,US,USD,70,
mr-004,,423456,DEFAULT,US,USD,70,
mr-004,M23067,,DEFAULT,US,USD,2704,
mr-004,,423909,DEFAULT,US,USD,2704,
mr-004,M23340,,DEFAULT,US,USD,591,
mr-004,,424265,DEFAULT,US,USD,591,
mr-004,M23343,,DEFAULT,US,USD,872,
mr-004,,424270,DEFAULT,US,USD,872,
mr-004,M23345,,DEFAULT,US,USD,394,
mr-004,,424273,DEFAULT,US,USD,394,
mr-004,M23432,,DEFAULT,US,USD,44,
mr-004,,424372,DEFAULT,US,USD,44,
mr-004,M23436,,DEFAULT,US,USD,97,
mr-004,,424384,DEFAULT,US,USD,97,
mr-004,M23438,,DEFAULT,US,USD,112,
mr-004,,424390,DEFAULT,US,USD,112,
mr-004,M23440,,DEFAULT,US,USD,112,
mr-004,,424397,DEFAULT,US,USD,112,
mr-004,M23441,,DEFAULT,US,USD,112,
mr-004,,424400,DEFAULT,US,USD,112,
mr-004,M23444,,DEFAULT,US,USD,143,
mr-004,,424409,DEFAULT,US,USD,143,
mr-004,M23450,,DEFAULT,US,USD,106,
mr-004,,424430,DEFAULT,US,USD,106,
mr-004,M23451,,DEFAULT,US,USD,106,
mr-004,,424431,DEFAULT,US,USD,106,
mr-004,M23454,,DEFAULT,US,USD,120,
mr-004,,424442,DEFAULT,US,USD,120,
mr-004,M23455,,DEFAULT,US,USD,120,
mr-004,,424447,DEFAULT,US,USD,120,
mr-004,M23456,,DEFAULT,US,USD,218,
mr-004,,424449,DEFAULT,US,USD,218,
mr-004,M23457,,DEFAULT,US,USD,196,
mr-004,,424453,DEFAULT,US,USD,196,
mr-004,M23459,,DEFAULT,US,USD,554,
mr-004,,424463,DEFAULT,US,USD,554,
mr-004,M23460,,DEFAULT,US,USD,265,
mr-004,,424464,DEFAULT,US,USD,265,
mr-004,M23461,,DEFAULT,US,USD,143,
mr-004,,424466,DEFAULT,US,USD,143,
mr-004,M23462,,DEFAULT,US,USD,123,
mr-004,,424472,DEFAULT,US,USD,123,
mr-004,M23463,,DEFAULT,US,USD,123,
mr-004,,424475,DEFAULT,US,USD,123,
mr-004,M23467,,DEFAULT,US,USD,218,
mr-004,,424493,DEFAULT,US,USD,218,
mr-004,M23468,,DEFAULT,US,USD,226,
mr-004,,424496,DEFAULT,US,USD,226,
mr-004,M23469,,DEFAULT,US,USD,295,
mr-004,,424503,DEFAULT,US,USD,295,
mr-004,M23470,,DEFAULT,US,USD,242,
mr-004,,424506,DEFAULT,US,USD,242,
mr-004,M23471,,DEFAULT,US,USD,189,
mr-004,,424510,DEFAULT,US,USD,189,
mr-004,M23472,,DEFAULT,US,USD,318,
mr-004,,424513,DEFAULT,US,USD,318,
mr-004,M23473,,DEFAULT,US,USD,158,
mr-004,,424516,DEFAULT,US,USD,158,
mr-004,M23475,,DEFAULT,US,USD,302,
mr-004,,424527,DEFAULT,US,USD,302,
mr-004,M23476,,DEFAULT,US,USD,302,
mr-004,,424528,DEFAULT,US,USD,302,
mr-004,M23477,,DEFAULT,US,USD,302,
mr-004,,424529,DEFAULT,US,USD,302,
mr-004,M23478,,DEFAULT,US,USD,302,
mr-004,,424530,DEFAULT,US,USD,302,
mr-004,M23479,,DEFAULT,US,USD,478,
mr-004,,424531,DEFAULT,US,USD,478,
mr-004,M23482,,DEFAULT,US,USD,150,
mr-004,,424542,DEFAULT,US,USD,150,
mr-004,M23484,,DEFAULT,US,USD,189,
mr-004,,424546,DEFAULT,US,USD,189,
mr-004,M23486,,DEFAULT,US,USD,218,
mr-004,,424549,DEFAULT,US,USD,218,
mr-004,M23487,,DEFAULT,US,USD,218,
mr-004,,424550,DEFAULT,US,USD,218,
mr-004,M23488,,DEFAULT,US,USD,226,
mr-004,,424551,DEFAULT,US,USD,226,
mr-004,M23510,,DEFAULT,US,USD,546,
mr-004,,424599,DEFAULT,US,USD,546,
mr-004,M23512,,DEFAULT,US,USD,67,
mr-004,,424605,DEFAULT,US,USD,67,
mr-004,M23513,,DEFAULT,US,USD,72,
mr-004,,424606,DEFAULT,US,USD,72,
mr-004,M23720,,DEFAULT,US,USD,1032,
mr-004,,425073,DEFAULT,US,USD,1032,
mr-004,M23721,,DEFAULT,US,USD,1427,
mr-004,,425074,DEFAULT,US,USD,1427,
mr-004,M23722,,DEFAULT,US,USD,3664,
mr-004,,425075,DEFAULT,US,USD,3664,
mr-004,M23724,,DEFAULT,US,USD,645,
mr-004,,425078,DEFAULT,US,USD,645,
mr-004,M23723,,DEFAULT,US,USD,470,
mr-004,,425079,DEFAULT,US,USD,470,
mr-004,M23725,,DEFAULT,US,USD,1199,
mr-004,,425082,DEFAULT,US,USD,1199,
mr-004,M23726,,DEFAULT,US,USD,1307,
mr-004,,425083,DEFAULT,US,USD,1307,
mr-004,M23727,,DEFAULT,US,USD,1799,
mr-004,,425084,DEFAULT,US,USD,1799,
mr-004,M26415,,DEFAULT,US,USD,2323,
mr-004,,425086,DEFAULT,US,USD,2323,
mr-004,M23729,,DEFAULT,US,USD,1731,
mr-004,,425087,DEFAULT,US,USD,1731,
mr-004,M23730,,DEFAULT,US,USD,318,
mr-004,,425088,DEFAULT,US,USD,318,
mr-004,M23731,,DEFAULT,US,USD,363,
mr-004,,425090,DEFAULT,US,USD,363,
mr-004,M23732,,DEFAULT,US,USD,546,
mr-004,,425093,DEFAULT,US,USD,546,
mr-004,M26416,,DEFAULT,US,USD,2893,
mr-004,,425096,DEFAULT,US,USD,2893,
mr-004,M26417,,DEFAULT,US,USD,1101,
mr-004,,425097,DEFAULT,US,USD,1101,
mr-004,M26418,,DEFAULT,US,USD,1343,
mr-004,,425098,DEFAULT,US,USD,1343,
mr-004,M26419,,DEFAULT,US,USD,1807,
mr-004,,425099,DEFAULT,US,USD,1807,
mr-004,M26420,,DEFAULT,US,USD,1883,
mr-004,,425100,DEFAULT,US,USD,1883,
mr-004,M23751,,DEFAULT,US,USD,2218,
mr-004,,425123,DEFAULT,US,USD,2218,
mr-004,M23766,,DEFAULT,US,USD,758,
mr-004,,425140,DEFAULT,US,USD,758,
mr-004,M23770,,DEFAULT,US,USD,1366,
mr-004,,425149,DEFAULT,US,USD,1366,
mr-004,M23764,,DEFAULT,US,USD,1442,
mr-004,,425150,DEFAULT,US,USD,1442,
mr-004,M23771,,DEFAULT,US,USD,2050,
mr-004,,425152,DEFAULT,US,USD,2050,
mr-004,M23777,,DEFAULT,US,USD,922,
mr-004,,425159,DEFAULT,US,USD,922,
mr-004,M24143,,DEFAULT,US,USD,432,
mr-004,,425751,DEFAULT,US,USD,432,
mr-004,M24416,,DEFAULT,US,USD,4937,
mr-004,,426376,DEFAULT,US,USD,4937,
mr-004,M24417,,DEFAULT,US,USD,9041,
mr-004,,426377,DEFAULT,US,USD,9041,
mr-004,M24418,,DEFAULT,US,USD,12839,
mr-004,M24418,,ORIGINAL,US,USD,14266,
mr-004,,426378,DEFAULT,US,USD,12839,
mr-004,,426378,ORIGINAL,US,USD,14266,
mr-004,M24563,,DEFAULT,US,USD,1234,
mr-004,,426531,DEFAULT,US,USD,1234,
mr-004,M24605,,DEFAULT,US,USD,2821,
mr-004,M24605,,ORIGINAL,US,USD,3134,
mr-004,,426581,DEFAULT,US,USD,2821,
mr-004,,426581,ORIGINAL,US,USD,3134,
mr-004,M24606,,DEFAULT,US,USD,550,
mr-004,,426582,DEFAULT,US,USD,550,
mr-004,M24609,,DEFAULT,US,USD,5579,
mr-004,,426587,DEFAULT,US,USD,5579,
mr-004,M24610,,DEFAULT,US,USD,1970,
mr-004,,426588,DEFAULT,US,USD,1970,
mr-004,M24612,,DEFAULT,US,USD,1086,
mr-004,,426590,DEFAULT,US,USD,1086,
mr-004,M24613,,DEFAULT,US,USD,622,
mr-004,,426591,DEFAULT,US,USD,622,
mr-004,M24632,,DEFAULT,US,USD,7964,
mr-004,,426615,DEFAULT,US,USD,7964,
mr-004,M24637,,DEFAULT,US,USD,803,
mr-004,,426620,DEFAULT,US,USD,803,
mr-004,M25598,,DEFAULT,US,USD,890,
mr-004,,427913,DEFAULT,US,USD,890,
mr-004,M25599,,DEFAULT,US,USD,1645,
mr-004,,427914,DEFAULT,US,USD,1645,
mr-004,M25600,,DEFAULT,US,USD,1190,
mr-004,,427915,DEFAULT,US,USD,1190,
mr-004,M1002203,,DEFAULT,US,USD,12931,
mr-004,,463981,DEFAULT,US,USD,12931,
mr-004,M1014629,,DEFAULT,US,USD,27298,
mr-004,,463994,DEFAULT,US,USD,27298,
mr-004,M1024601,,DEFAULT,US,USD,31322,
mr-004,,464000,DEFAULT,US,USD,31322,
mr-004,M1015356,,DEFAULT,US,USD,31322,
mr-004,,464001,DEFAULT,US,USD,31322,
mr-004,M1015355,,DEFAULT,US,USD,31322,
mr-004,,464002,DEFAULT,US,USD,31322,
mr-004,M1014645,,DEFAULT,US,USD,56283,
mr-004,,464003,DEFAULT,US,USD,56283,
mr-004,M1014646,,DEFAULT,US,USD,148551,
mr-004,,464004,DEFAULT,US,USD,148551,
mr-004,M1014653,,DEFAULT,US,USD,47506,
mr-004,,464005,DEFAULT,US,USD,47506,
mr-004,M1014656,,DEFAULT,US,USD,38960,
mr-004,,464007,DEFAULT,US,USD,38960,
mr-004,M1014642,,DEFAULT,US,USD,39374,
mr-004,,464012,DEFAULT,US,USD,39374,
mr-004,M1014643,,DEFAULT,US,USD,44205,
mr-004,,464013,DEFAULT,US,USD,44205,
mr-004,M1014644,,DEFAULT,US,USD,50646,
mr-004,,464014,DEFAULT,US,USD,50646,
mr-004,M88181,,DEFAULT,US,USD,173118,
mr-004,,490001,DEFAULT,US,USD,173118,
mr-004,M88182,,DEFAULT,US,USD,197274,
mr-004,,490002,DEFAULT,US,USD,197274,
mr-004,M857,,DEFAULT,US,USD,20333,
mr-004,,500344,DEFAULT,US,USD,20333,
mr-004,M75730,,DEFAULT,US,USD,16278,
mr-004,,500380,DEFAULT,US,USD,16278,
mr-004,M852,,DEFAULT,US,USD,27346,
mr-004,,500487,DEFAULT,US,USD,27346,
mr-004,M58335,,DEFAULT,US,USD,27174,
mr-004,,500942,DEFAULT,US,USD,27174,
mr-004,M58336,,DEFAULT,US,USD,44943,
mr-004,,500946,DEFAULT,US,USD,44943,
mr-004,M58315,,DEFAULT,US,USD,23270,
mr-004,,501000,DEFAULT,US,USD,23270,
mr-004,M62306,,DEFAULT,US,USD,6151,
mr-004,,501022,DEFAULT,US,USD,6151,
mr-004,M62301,,DEFAULT,US,USD,4194,
mr-004,,501039,DEFAULT,US,USD,4194,
mr-004,M62305,,DEFAULT,US,USD,5281,
mr-004,,501040,DEFAULT,US,USD,5281,
mr-004,M68854,,DEFAULT,US,USD,49681,
mr-004,,501517,DEFAULT,US,USD,49681,
mr-004,M68726,,DEFAULT,US,USD,17311,
mr-004,,502173,DEFAULT,US,USD,17311,
mr-004,M68727,,DEFAULT,US,USD,18438,
mr-004,,502178,DEFAULT,US,USD,18438,
mr-004,M1896,,DEFAULT,US,USD,45398,
mr-004,,506670,DEFAULT,US,USD,45398,
mr-004,M858,,DEFAULT,US,USD,33974,
mr-004,,506719,DEFAULT,US,USD,33974,
mr-004,M859,,DEFAULT,US,USD,37741,
mr-004,,507871,DEFAULT,US,USD,37741,
mr-004,M75686,,DEFAULT,US,USD,37548,
mr-004,,507920,DEFAULT,US,USD,37548,
mr-004,M856,,DEFAULT,US,USD,19466,
mr-004,,508165,DEFAULT,US,USD,19466,
mr-004,M43347,,DEFAULT,US,USD,14550,
mr-004,,508321,DEFAULT,US,USD,14550,
mr-004,M75727,,DEFAULT,US,USD,46302,
mr-004,,508328,DEFAULT,US,USD,46302,
mr-004,M75700,,DEFAULT,US,USD,22260,
mr-004,,508330,DEFAULT,US,USD,22260,
mr-004,M75685,,DEFAULT,US,USD,38142,
mr-004,,508378,DEFAULT,US,USD,38142,
mr-004,M55895,,DEFAULT,US,USD,32127,
mr-004,,509070,DEFAULT,US,USD,32127,
mr-004,M1014874,,DEFAULT,US,USD,15218,
mr-004,,512067,DEFAULT,US,USD,15218,
mr-004,M1014866,,DEFAULT,US,USD,16023,
mr-004,,512081,DEFAULT,US,USD,16023,
mr-004,M1014871,,DEFAULT,US,USD,16023,
mr-004,,512086,DEFAULT,US,USD,16023,
mr-004,M1014870,,DEFAULT,US,USD,16023,
mr-004,,512094,DEFAULT,US,USD,16023,
mr-004,M1013168,,DEFAULT,US,USD,5870,
mr-004,,517598,DEFAULT,US,USD,5870,
mr-004,M1013287,,DEFAULT,US,USD,9855,
mr-004,,517630,DEFAULT,US,USD,9855,
mr-004,M1013541,,DEFAULT,US,USD,12246,
mr-004,,519762,DEFAULT,US,USD,12246,
mr-004,M1016129,,DEFAULT,US,USD,25363,
mr-004,,520561,DEFAULT,US,USD,25363,
mr-004,M55936,,DEFAULT,US,USD,17858,
mr-004,,544183,DEFAULT,US,USD,17858,
mr-004,M1028702,,DEFAULT,US,USD,56283,
mr-004,,573330,DEFAULT,US,USD,56283,
mr-004,M58227,,DEFAULT,US,USD,7854,
mr-004,,573872,DEFAULT,US,USD,7854,
mr-004,M58228,,DEFAULT,US,USD,10165,
mr-004,,573874,DEFAULT,US,USD,10165,
mr-004,M58230,,DEFAULT,US,USD,16281,
mr-004,,573878,DEFAULT,US,USD,16281,
mr-004,M58312,,DEFAULT,US,USD,15431,
mr-004,,573880,DEFAULT,US,USD,15431,
mr-004,M58313,,DEFAULT,US,USD,16143,
mr-004,,573882,DEFAULT,US,USD,16143,
mr-004,M58314,,DEFAULT,US,USD,16383,
mr-004,,573884,DEFAULT,US,USD,16383,
mr-004,M54107,,DEFAULT,US,USD,23976,
mr-004,,573887,DEFAULT,US,USD,23976,
mr-004,M54110,,DEFAULT,US,USD,45328,
mr-004,,573888,DEFAULT,US,USD,45328,
mr-004,M54111,,DEFAULT,US,USD,43954,
mr-004,,573889,DEFAULT,US,USD,43954,
mr-004,M54113,,DEFAULT,US,USD,80439,
mr-004,,573890,DEFAULT,US,USD,80439,
mr-004,M55937,,DEFAULT,US,USD,32127,
mr-004,,573906,DEFAULT,US,USD,32127,
mr-004,M1018211,,DEFAULT,US,USD,28987,
mr-004,,573939,DEFAULT,US,USD,28987,
mr-004,M635,,DEFAULT,US,USD,84143,
mr-004,,574598,DEFAULT,US,USD,84143,
mr-004,M1014496,,DEFAULT,US,USD,96221,
mr-004,,574599,DEFAULT,US,USD,96221,
mr-004,M636,,DEFAULT,US,USD,122793,
mr-004,,574601,DEFAULT,US,USD,122793,
mr-004,M74966,,DEFAULT,US,USD,122793,
mr-004,,574602,DEFAULT,US,USD,122793,
mr-004,M1014502,,DEFAULT,US,USD,126818,
mr-004,,574603,DEFAULT,US,USD,126818,
mr-004,M1028095,,DEFAULT,US,USD,6674,
mr-004,,574969,DEFAULT,US,USD,6674,
mr-004,M49320,,DEFAULT,US,USD,58698,
mr-004,,574971,DEFAULT,US,USD,58698,
mr-004,M78380,,DEFAULT,US,USD,60897,
mr-004,,574972,DEFAULT,US,USD,60897,
mr-004,M90850,,DEFAULT,US,USD,80439,
mr-004,,574973,DEFAULT,US,USD,80439,
mr-004,M1017945,,DEFAULT,US,USD,28906,
mr-004,,574987,DEFAULT,US,USD,28906,
mr-004,M1017905,,DEFAULT,US,USD,58449,
mr-004,M1017905,,ORIGINAL,US,USD,64942,
mr-004,,574995,DEFAULT,US,USD,58449,
mr-004,,574995,ORIGINAL,US,USD,64942,
mr-004,M72939,,DEFAULT,US,USD,42984,
mr-004,,575056,DEFAULT,US,USD,42984,
mr-004,M72940,,DEFAULT,US,USD,46610,
mr-004,,575057,DEFAULT,US,USD,46610,
mr-004,M72942,,DEFAULT,US,USD,51596,
mr-004,,575058,DEFAULT,US,USD,51596,
mr-004,M72943,,DEFAULT,US,USD,53031,
mr-004,,575059,DEFAULT,US,USD,53031,
mr-004,M72944,,DEFAULT,US,USD,55902,
mr-004,,575060,DEFAULT,US,USD,55902,
mr-004,M72945,,DEFAULT,US,USD,58773,
mr-004,,575061,DEFAULT,US,USD,58773,
mr-004,M1017902,,DEFAULT,US,USD,52956,
mr-004,,575065,DEFAULT,US,USD,52956,
mr-004,M1022632,,DEFAULT,US,USD,28745,
mr-004,,575186,DEFAULT,US,USD,28745,
mr-004,M1022643,,DEFAULT,US,USD,28745,
mr-004,,575191,DEFAULT,US,USD,28745,
mr-004,M1022640,,DEFAULT,US,USD,24438,
mr-004,,575193,DEFAULT,US,USD,24438,
mr-004,M1028061,,DEFAULT,US,USD,17790,
mr-004,,575257,DEFAULT,US,USD,17790,
mr-004,M1028062,,DEFAULT,US,USD,19339,
mr-004,,575260,DEFAULT,US,USD,19339,
mr-004,M1030133,,DEFAULT,US,USD,11709,
mr-004,,575284,DEFAULT,US,USD,11709,
mr-004,M29930,,DEFAULT,US,USD,747886,
mr-004,,621613,DEFAULT,US,USD,747886,
mr-004,M29929,,DEFAULT,US,USD,672342,
mr-004,,621614,DEFAULT,US,USD,672342,
mr-004,M29931,,DEFAULT,US,USD,619461,
mr-004,,621618,DEFAULT,US,USD,619461,
mr-004,M1028483,,DEFAULT,US,USD,17814,
mr-004,,632992,DEFAULT,US,USD,17814,
mr-004,M21705,,DEFAULT,US,USD,1291,
mr-004,,655941,DEFAULT,US,USD,1291,
mr-004,M83,,DEFAULT,US,USD,7826,
mr-004,,657712,DEFAULT,US,USD,7826,
mr-004,M84,,DEFAULT,US,USD,7826,
mr-004,,657713,DEFAULT,US,USD,7826,
mr-004,M85,,DEFAULT,US,USD,7826,
mr-004,,657714,DEFAULT,US,USD,7826,
mr-004,M86,,DEFAULT,US,USD,7826,
mr-004,,657715,DEFAULT,US,USD,7826,
mr-004,M87,,DEFAULT,US,USD,7826,
mr-004,,657716,DEFAULT,US,USD,7826,
mr-004,M111,,DEFAULT,US,USD,12842,
mr-004,,673327,DEFAULT,US,USD,12842,
mr-004,B0001,,DEFAULT,US,USD,83406,
mr-004,B0001,,ORIGINAL,US,USD,92639,
mr-004,,000101,DEFAULT,US,USD,83406,
mr-004,,000101,ORIGINAL,US,USD,92639,
mr-004,B0002,,DEFAULT,US,USD,23134,
mr-004,,000201,DEFAULT,US,USD,23134,
mr-004,M12656,,DEFAULT,US,USD,16152,
mr-004,,107255,DEFAULT,US,USD,16152,
