abstract_sku,store_name
M74972,US
M74974,US
M1000786,US
M1000838,US
M1000839,US
M1000840,US
M302,US
M75601,US
M11222,US
M39654,US
M1896,US
M62305,US
M80392,US
M857,US
M856,US
M858,US
M859,US
M54107,US
M54110,US
M54111,US
M54113,US
M55895,US
M55936,US
M55937,US
M58227,US
M58228,US
M58230,US
M58312,US
M58313,US
M58315,US
M58314,US
M58335,US
M58336,US
M68854,US
M62301,US
M62306,US
M68726,US
M68727,US
M852,US
M75685,US
M75686,US
M75727,US
M75700,US
M75730,US
M40490,US
M40491,US
M213,US
M226,US
M229,US
M14054,US
M15127,US
M87464,US
M87416,US
M731,US
M12655,US
M12656,US
M58035,US
M62584,US
M634,US
M635,US
M636,US
M74966,US
M90806,US
M10569,US
M10577,US
M11473,US
M11306,US
M75071,US
M11480,US
M526,US
M527,US
M528,US
M529,US
M45050,US
M49207,US
M49344,US
M58100,US
M58102,US
M58103,US
M58104,US
M58105,US
M61124,US
M61125,US
M66923,US
M64947,US
M69408,US
M58095,US
M72878,US
M74907,US
M53331,US
M10871,US
M10872,US
M2365,US
M2366,US
M2393,US
M64933,US
M64934,US
M86938,US
M86939,US
M1000785,US
M53238,US
M74815,US
M719,US
M766,US
M767,US
M768,US
M769,US
M770,US
M771,US
M787,US
M788,US
M789,US
M53288,US
M53287,US
M2495,US
M61240,US
M79890,US
M79892,US
M79932,US
M72933,US
M72935,US
M72937,US
M72938,US
M72939,US
M72940,US
M72942,US
M72943,US
M72944,US
M72945,US
M5022,US
M5043,US
M5044,US
M70208,US
M5154,US
M5155,US
M5108,US
M5113,US
M5148,US
M5147,US
M1006484,US
M65062,US
M88181,US
M88182,US
M72843,US
M72844,US
M1006871,US
M43347,US
M90737,US
M90802,US
M90799,US
M90800,US
M90804,US
M90805,US
M1006811,US
M78380,US
M49320,US
M90850,US
M90851,US
M1014646,US
M1014645,US
M1014629,US
M1014642,US
M1014643,US
M1014644,US
M1014653,US
M1015355,US
M1015356,US
M1014656,US
M88184,US
M1014948,US
M90810,US
M432,US
M87599,US
M1014496,US
M1014502,US
M1002203,US
M39658,US
M15226,US
M1014866,US
M1014871,US
M1014870,US
M1014874,US
M1017945,US
M1018212,US
M1018211,US
M1017902,US
M1017905,US
M1022640,US
M1022643,US
M1022632,US
M1024601,US
M1024684,US
M1024689,US
M1028483,US
M1028095,US
M1028702,US
M1030133,US
M1028049,US
M1028061,US
M1028062,US
M1028038,US
M1031236,US
M1031238,US
M1028375,US
M1028376,US
M21062,US
M21066,US
M21067,US
M21073,US
M21090,US
M21091,US
M21092,US
M21093,US
M21094,US
M21097,US
M21099,US
M21100,US
M21101,US
M21103,US
M21104,US
M21105,US
M21189,US
M21190,US
M21191,US
M21193,US
M21194,US
M21195,US
M21196,US
M21197,US
M21200,US
M21201,US
M21202,US
M21203,US
M21205,US
M21296,US
M21299,US
M21635,US
M21636,US
M21637,US
M21638,US
M21646,US
M21648,US
M21650,US
M21679,US
M21680,US
M21681,US
M21684,US
M21690,US
M21691,US
M21692,US
M21693,US
M21694,US
M21703,US
M21704,US
M21705,US
M21708,US
M21711,US
M21713,US
M21714,US
M21715,US
M21716,US
M21717,US
M21740,US
M21741,US
M21742,US
M21743,US
M21744,US
M21745,US
M21759,US
M21766,US
M21771,US
M21772,US
M21773,US
M21774,US
M21777,US
M21778,US
M21779,US
M21903,US
M22230,US
M22232,US
M22269,US
M22293,US
M22397,US
M22398,US
M22410,US
M22411,US
M22412,US
M22432,US
M22484,US
M22613,US
M22660,US
M22661,US
M22662,US
M22663,US
M22664,US
M22682,US
M22796,US
M22797,US
M23067,US
M23340,US
M23343,US
M23345,US
M23432,US
M23436,US
M23438,US
M23440,US
M23441,US
M23444,US
M23450,US
M23451,US
M23454,US
M23455,US
M23456,US
M23457,US
M23459,US
M23460,US
M23461,US
M23462,US
M23463,US
M23467,US
M23468,US
M23469,US
M23470,US
M23471,US
M23472,US
M23473,US
M23475,US
M23476,US
M23477,US
M23478,US
M23479,US
M23482,US
M23484,US
M23486,US
M23487,US
M23488,US
M23510,US
M23512,US
M23513,US
M23720,US
M23721,US
M23722,US
M23723,US
M23724,US
M23725,US
M23726,US
M23727,US
M23729,US
M23730,US
M23731,US
M23732,US
M23751,US
M23764,US
M23766,US
M23770,US
M23771,US
M23777,US
M24143,US
M24416,US
M24417,US
M24418,US
M24563,US
M24605,US
M24606,US
M24609,US
M24610,US
M24612,US
M24613,US
M24632,US
M24637,US
M25598,US
M25599,US
M25600,US
M1013168,US
M1013287,US
M1013541,US
M1016129,US
M26415,US
M26416,US
M26417,US
M26418,US
M26419,US
M26420,US
M1079219,US
M1079221,US
M1079222,US
M1079243,US
M1080190,US
M83,US
M84,US
M85,US
M86,US
M87,US
M26831,US
M29455,US
M29456,US
M29468,US
M29499,US
M29501,US
M29502,US
M29503,US
M29504,US
M29507,US
M29523,US
M29524,US
M29525,US
M29526,US
M29529,US
M29530,US
M29929,US
M29930,US
M29931,US
M53235,US
M11542,US
M111,US
C2235,US
B0001,US
B0002,US
"fish-1","US"
"potato-1","US"
"cable-hdmi-1","US"
"cable-vga-1","US"
