<?xml version="1.0"?>
<ruleset name="SprykerProject">
    <description>
        Spryker Coding Standard for Project.

        Extends main Spryker Coding Standard.
        All sniffs in ./Sniffs will be auto loaded
    </description>

    <config name="php_version" value="80000"/>

    <file>src/</file>
    <file>config/</file>
    <file>tests/</file>

    <exclude-pattern>*/src/Generated/*</exclude-pattern>
    <exclude-pattern>*/src/Orm/*/Base/</exclude-pattern>
    <exclude-pattern>*/src/Orm/*/Map/</exclude-pattern>
    <exclude-pattern>*/src/Orm/Propel/</exclude-pattern>
    <exclude-pattern>*/tests/_support/_generated/*</exclude-pattern>
    <exclude-pattern>*/tests/_helpers/*</exclude-pattern>
    <exclude-pattern>*/tests/_output/*</exclude-pattern>
    <exclude-pattern>*/tests/*/_data/*</exclude-pattern>

    <rule ref="vendor/spryker/code-sniffer/Spryker/ruleset.xml"/>

    <rule ref="vendor/spryker/code-sniffer/SprykerStrict/ruleset.xml">
        <exclude name="SprykerStrict.TypeHints.ParameterTypeHint"/>
        <exclude name="SprykerStrict.TypeHints.PropertyTypeHint"/>
    </rule>

    <!-- Define your own sniffs here -->

    <rule ref="Spryker.Internal.SprykerDisallowFunctions">
        <properties>
            <!-- We want to prevent 8.1+ functions to break 8.0 compatibility -->
            <property name="phpVersion" value="8.0"/>
        </properties>
    </rule>

    <rule ref="Spryker.Namespaces.SprykerNamespace">
        <properties>
            <property name="namespace" value="Pyz"/>
        </properties>
    </rule>

    <rule ref="SlevomatCodingStandard.Functions.RequireTrailingCommaInDeclaration"/>
    <rule ref="SlevomatCodingStandard.Functions.RequireTrailingCommaInClosureUse"/>

    <rule ref="SlevomatCodingStandard.ControlStructures.DisallowNullSafeObjectOperator">
        <severity>0</severity>
    </rule>
    <rule ref="SlevomatCodingStandard.Functions.DisallowTrailingCommaInDeclaration">
        <severity>0</severity>
    </rule>
    <rule ref="SlevomatCodingStandard.Functions.DisallowTrailingCommaInClosureUse">
        <severity>0</severity>
    </rule>

</ruleset>
