abstract_sku,concrete_sku,price_type,store,currency,value_net,value_gross,price_data.volume_prices
M61240,,DEFAULT,AT,EUR,15593,18537,
M61240,,DEFAULT,AT,CHF,17762,21118,
M61240,,ORIGINAL,AT,EUR,17314,20585,
M61240,,ORIGINAL,AT,CHF,19724,23453,
,100107,DEFAULT,AT,EUR,15593,18537,
,100107,DEFAULT,AT,CHF,17762,21118,
,100107,ORIGINAL,AT,EUR,17314,20585,
,100107,ORIGINAL,AT,CHF,19724,23453,
C2235,,DEFAULT,AT,EUR,8072,9587,
C2235,,DEFAULT,AT,CHF,9188,10915,
C2235,,ORIGINAL,AT,EUR,8957,10641,
C2235,,ORIGINAL,AT,CHF,10197,12116,
,1001454,DEFAULT,AT,EUR,8072,9587,
,1001454,DEFAULT,AT,CHF,9188,10915,
,1001454,ORIGINAL,AT,EUR,8957,10641,
,1001454,ORIGINAL,AT,CHF,10197,12116,
,100223,DEFAULT,AT,EUR,17841,21212,
,100223,DEFAULT,AT,CHF,20324,24167,
,100223,ORIGINAL,AT,EUR,19812,23557,
,100223,ORIGINAL,AT,CHF,22571,26841,
M770,,DEFAULT,AT,EUR,26328,31312,
M770,,DEFAULT,AT,CHF,29999,35681,
M770,,ORIGINAL,AT,EUR,29242,34780,
M770,,ORIGINAL,AT,CHF,33321,39634,
,100266,DEFAULT,AT,EUR,26328,31312,
,100266,DEFAULT,AT,CHF,29999,35681,
,100266,ORIGINAL,AT,EUR,29242,34780,
,100266,ORIGINAL,AT,CHF,33321,39634,
M634,,DEFAULT,AT,EUR,133459,158797,
M634,,DEFAULT,AT,CHF,152129,181014,
M634,,ORIGINAL,AT,EUR,148276,176430,
M634,,ORIGINAL,AT,CHF,169021,201115,
,100288,DEFAULT,AT,EUR,133459,158797,
,100288,DEFAULT,AT,CHF,152129,181014,
,100288,ORIGINAL,AT,EUR,148276,176430,
,100288,ORIGINAL,AT,CHF,169021,201115,
M10569,,DEFAULT,AT,EUR,28262,33613,
M10569,,DEFAULT,AT,CHF,32204,38304,
M10569,,ORIGINAL,AT,EUR,31391,37336,
M10569,,ORIGINAL,AT,CHF,35771,42548,
,100414,DEFAULT,AT,EUR,28262,33613,
,100414,DEFAULT,AT,CHF,32204,38304,
,100414,ORIGINAL,AT,EUR,31391,37336,
,100414,ORIGINAL,AT,CHF,35771,42548,
M39654,,DEFAULT,AT,EUR,7128,8464,
M39654,,DEFAULT,AT,CHF,8111,9634,
M39654,,ORIGINAL,AT,EUR,7908,9393,
M39654,,ORIGINAL,AT,CHF,9001,10693,
,100429,DEFAULT,AT,EUR,7128,8464,
,100429,DEFAULT,AT,CHF,8111,9634,
,100429,ORIGINAL,AT,EUR,7908,9393,
,100429,ORIGINAL,AT,CHF,9001,10693,
M11222,,DEFAULT,AT,EUR,11597,13782,
M11222,,DEFAULT,AT,CHF,13206,15697,
M11222,,ORIGINAL,AT,EUR,12874,15302,
M11222,,ORIGINAL,AT,CHF,14662,17430,
,100430,DEFAULT,AT,EUR,11597,13782,
,100430,DEFAULT,AT,CHF,13206,15697,
,100430,ORIGINAL,AT,EUR,12874,15302,
,100430,ORIGINAL,AT,CHF,14662,17430,
M2393,,DEFAULT,AT,EUR,10412,12372,
M2393,,DEFAULT,AT,CHF,11855,14090,
M2393,,ORIGINAL,AT,EUR,11557,13735,
M2393,,ORIGINAL,AT,CHF,13161,15644,
,100588,DEFAULT,AT,EUR,10412,12372,
,100588,DEFAULT,AT,CHF,11855,14090,
,100588,ORIGINAL,AT,EUR,11557,13735,
,100588,ORIGINAL,AT,CHF,13161,15644,
M45050,,DEFAULT,AT,EUR,24345,28952,
M45050,,DEFAULT,AT,CHF,27739,32991,
M45050,,ORIGINAL,AT,EUR,27038,32157,
M45050,,ORIGINAL,AT,CHF,30810,36645,
,100666,DEFAULT,AT,EUR,24345,28952,
,100666,DEFAULT,AT,CHF,27739,32991,
,100666,ORIGINAL,AT,EUR,27038,32157,
,100666,ORIGINAL,AT,CHF,30810,36645,
M302,,DEFAULT,AT,EUR,10546,12531,
M302,,DEFAULT,AT,CHF,12008,14271,
M302,,ORIGINAL,AT,EUR,11706,13912,
M302,,ORIGINAL,AT,CHF,13331,15845,
,100682,DEFAULT,AT,EUR,10546,12531,
,100682,DEFAULT,AT,CHF,12008,14271,
,100682,ORIGINAL,AT,EUR,11706,13912,
,100682,ORIGINAL,AT,CHF,13331,15845,
M75601,,DEFAULT,AT,EUR,13078,15544,
M75601,,DEFAULT,AT,CHF,14894,17706,
M75601,,ORIGINAL,AT,EUR,14520,17260,
M75601,,ORIGINAL,AT,CHF,16537,19662,
,100683,DEFAULT,AT,EUR,13078,15544,
,100683,DEFAULT,AT,CHF,14894,17706,
,100683,ORIGINAL,AT,EUR,14520,17260,
,100683,ORIGINAL,AT,CHF,16537,19662,
M53238,,DEFAULT,AT,EUR,19217,22850,
M53238,,DEFAULT,AT,CHF,21893,26034,
M53238,,ORIGINAL,AT,EUR,21341,25377,
M53238,,ORIGINAL,AT,CHF,24314,28915,
,100907,DEFAULT,AT,EUR,19217,22850,
,100907,DEFAULT,AT,CHF,21893,26034,
,100907,ORIGINAL,AT,EUR,21341,25377,
,100907,ORIGINAL,AT,CHF,24314,28915,
M53331,,DEFAULT,AT,EUR,15841,18831,
M53331,,DEFAULT,AT,CHF,18044,21453,
M53331,,ORIGINAL,AT,EUR,17590,20912,
M53331,,ORIGINAL,AT,CHF,20037,23825,
,100949,DEFAULT,AT,EUR,15841,18831,
,100949,DEFAULT,AT,CHF,18044,21453,
,100949,ORIGINAL,AT,EUR,17590,20912,
,100949,ORIGINAL,AT,CHF,20037,23825,
M49344,,DEFAULT,AT,EUR,14168,16841,
M49344,,DEFAULT,AT,CHF,16137,19184,
M49344,,ORIGINAL,AT,EUR,15731,18701,
M49344,,ORIGINAL,AT,CHF,17918,21304,
,100999,DEFAULT,AT,EUR,14168,16841,
,100999,DEFAULT,AT,CHF,16137,19184,
,100999,ORIGINAL,AT,EUR,15731,18701,
,100999,ORIGINAL,AT,CHF,17918,21304,
M49207,,DEFAULT,AT,EUR,37936,45124,
M49207,,DEFAULT,AT,CHF,43233,51427,
M49207,,ORIGINAL,AT,EUR,42140,50126,
M49207,,ORIGINAL,AT,CHF,48025,57130,
,101007,DEFAULT,AT,EUR,37936,45124,
,101007,DEFAULT,AT,CHF,43233,51427,
,101007,ORIGINAL,AT,EUR,42140,50126,
,101007,ORIGINAL,AT,CHF,48025,57130,
M53235,,DEFAULT,AT,EUR,33815,40220,
M53235,,DEFAULT,AT,CHF,38535,45836,
M53235,,ORIGINAL,AT,EUR,37561,44677,
M53235,,ORIGINAL,AT,CHF,42805,50917,
,101102,DEFAULT,AT,EUR,33815,40220,
,101102,DEFAULT,AT,CHF,38535,45836,
,101102,ORIGINAL,AT,EUR,37561,44677,
,101102,ORIGINAL,AT,CHF,42805,50917,
M731,,DEFAULT,AT,EUR,30577,36367,
M731,,DEFAULT,AT,CHF,34843,41444,
M731,,ORIGINAL,AT,EUR,33963,40396,
M731,,ORIGINAL,AT,CHF,38703,46037,
,101171,DEFAULT,AT,EUR,30577,36367,
,101171,DEFAULT,AT,CHF,34843,41444,
,101171,ORIGINAL,AT,EUR,33963,40396,
,101171,ORIGINAL,AT,CHF,38703,46037,
M1028038,,DEFAULT,AT,EUR,16954,20157,
M1028038,,DEFAULT,AT,CHF,19313,22964,
M1028038,,ORIGINAL,AT,EUR,18826,22385,
M1028038,,ORIGINAL,AT,CHF,21447,25504,
,101172,DEFAULT,AT,EUR,16954,20157,
,101172,DEFAULT,AT,CHF,19313,22964,
,101172,ORIGINAL,AT,EUR,18826,22385,
,101172,ORIGINAL,AT,CHF,21447,25504,
M2495,,DEFAULT,AT,EUR,16246,19314,
M2495,,DEFAULT,AT,CHF,18506,22003,
M2495,,ORIGINAL,AT,EUR,18040,21448,
M2495,,ORIGINAL,AT,CHF,20551,24436,
,101226,DEFAULT,AT,EUR,16246,19314,
,101226,DEFAULT,AT,CHF,18506,22003,
,101226,ORIGINAL,AT,EUR,18040,21448,
,101226,ORIGINAL,AT,CHF,20551,24436,
M11480,,DEFAULT,AT,EUR,19243,22880,
M11480,,DEFAULT,AT,CHF,21923,26069,
M11480,,ORIGINAL,AT,EUR,21370,25411,
M11480,,ORIGINAL,AT,CHF,24347,28954,
,101441,DEFAULT,AT,EUR,19243,22880,
,101441,DEFAULT,AT,CHF,21923,26069,
,101441,ORIGINAL,AT,EUR,21370,25411,
,101441,ORIGINAL,AT,CHF,24347,28954,
M1014948,,DEFAULT,AT,EUR,18582,22093,
M1014948,,DEFAULT,AT,CHF,21169,25172,
M1014948,,ORIGINAL,AT,EUR,20635,24536,
M1014948,,ORIGINAL,AT,CHF,23510,27957,
,101509,DEFAULT,AT,EUR,18582,22093,
,101509,DEFAULT,AT,CHF,21169,25172,
,101509,ORIGINAL,AT,EUR,20635,24536,
,101509,ORIGINAL,AT,CHF,23510,27957,
M64933,,DEFAULT,AT,EUR,11603,13789,
M64933,,DEFAULT,AT,CHF,13213,15705,
M64933,,ORIGINAL,AT,EUR,12881,15310,
M64933,,ORIGINAL,AT,CHF,14670,17438,
,101515,DEFAULT,AT,EUR,11603,13789,
,101515,DEFAULT,AT,CHF,13213,15705,
,101515,ORIGINAL,AT,EUR,12881,15310,
,101515,ORIGINAL,AT,CHF,14670,17438,
M39658,,DEFAULT,AT,EUR,19288,22934,
M39658,,DEFAULT,AT,CHF,21974,26130,
M39658,,ORIGINAL,AT,EUR,21420,25471,
M39658,,ORIGINAL,AT,CHF,24404,29022,
,101560,DEFAULT,AT,EUR,19288,22934,
,101560,DEFAULT,AT,CHF,21974,26130,
,101560,ORIGINAL,AT,EUR,21420,25471,
,101560,ORIGINAL,AT,CHF,24404,29022,
M15226,,DEFAULT,AT,EUR,21548,25623,
M15226,,DEFAULT,AT,CHF,24550,29196,
M15226,,ORIGINAL,AT,EUR,23931,28458,
M15226,,ORIGINAL,AT,CHF,27266,32428,
,101759,DEFAULT,AT,EUR,21548,25623,
,101759,DEFAULT,AT,CHF,24550,29196,
,101759,ORIGINAL,AT,EUR,23931,28458,
,101759,ORIGINAL,AT,CHF,27266,32428,
M79890,,DEFAULT,AT,EUR,11088,13176,
M79890,,DEFAULT,AT,CHF,12626,15006,
M79890,,ORIGINAL,AT,EUR,12308,14628,
M79890,,ORIGINAL,AT,CHF,14017,16662,
,101828,DEFAULT,AT,EUR,11088,13176,
,101828,DEFAULT,AT,CHF,12626,15006,
,101828,ORIGINAL,AT,EUR,12308,14628,
,101828,ORIGINAL,AT,CHF,14017,16662,
M74972,,DEFAULT,AT,EUR,33118,39392,
M74972,,DEFAULT,AT,CHF,37740,44892,
M74972,,ORIGINAL,AT,EUR,36786,43757,
M74972,,ORIGINAL,AT,CHF,41922,49868,
,101863,DEFAULT,AT,EUR,33118,39392,
,101863,DEFAULT,AT,CHF,37740,44892,
,101863,ORIGINAL,AT,EUR,36786,43757,
,101863,ORIGINAL,AT,CHF,41922,49868,
M74974,,DEFAULT,AT,EUR,43328,51541,
M74974,,DEFAULT,AT,CHF,49379,58742,
M74974,,ORIGINAL,AT,EUR,48131,57256,
M74974,,ORIGINAL,AT,CHF,54854,65257,
,101865,DEFAULT,AT,EUR,43328,51541,
,101865,DEFAULT,AT,CHF,49379,58742,
,101865,ORIGINAL,AT,EUR,48131,57256,
,101865,ORIGINAL,AT,CHF,54854,65257,
M74907,,DEFAULT,AT,EUR,59829,71177,
M74907,,DEFAULT,AT,CHF,68191,81127,
M74907,,ORIGINAL,AT,EUR,66465,79074,
M74907,,ORIGINAL,AT,CHF,75756,90130,
,101940,DEFAULT,AT,EUR,59829,71177,
,101940,DEFAULT,AT,CHF,68191,81127,
,101940,ORIGINAL,AT,EUR,66465,79074,
,101940,ORIGINAL,AT,CHF,75756,90130,
M1018212,,DEFAULT,AT,EUR,43112,51285,
M1018212,,DEFAULT,AT,CHF,49133,58450,
M1018212,,ORIGINAL,AT,EUR,47891,56972,
M1018212,,ORIGINAL,AT,CHF,54581,64933,
,102121,DEFAULT,AT,EUR,43112,51285,
,102121,DEFAULT,AT,CHF,49133,58450,
,102121,ORIGINAL,AT,EUR,47891,56972,
,102121,ORIGINAL,AT,CHF,54581,64933,
M58035,,DEFAULT,AT,EUR,27403,32591,
M58035,,DEFAULT,AT,CHF,31225,37139,
M58035,,ORIGINAL,AT,EUR,30436,36201,
M58035,,ORIGINAL,AT,CHF,34683,41254,
,102124,DEFAULT,AT,EUR,27403,32591,
,102124,DEFAULT,AT,CHF,31225,37139,
,102124,ORIGINAL,AT,EUR,30436,36201,
,102124,ORIGINAL,AT,CHF,34683,41254,
,102126,DEFAULT,AT,EUR,26702,31757,
,102126,DEFAULT,AT,CHF,30426,36188,
,102126,ORIGINAL,AT,EUR,29657,35274,
,102126,ORIGINAL,AT,CHF,33795,40197,
,102128,DEFAULT,AT,EUR,31719,37727,
,102128,DEFAULT,AT,CHF,36145,42994,
,102128,ORIGINAL,AT,EUR,35232,41907,
,102128,ORIGINAL,AT,CHF,40150,47760,
,102130,DEFAULT,AT,EUR,32649,38833,
,102130,DEFAULT,AT,CHF,37205,44255,
,102130,ORIGINAL,AT,EUR,36265,43136,
,102130,ORIGINAL,AT,CHF,41327,49161,
M58100,,DEFAULT,AT,EUR,26576,31606,
M58100,,DEFAULT,AT,CHF,30282,36016,
M58100,,ORIGINAL,AT,EUR,29517,35106,
M58100,,ORIGINAL,AT,CHF,33635,40006,
,102169,DEFAULT,AT,EUR,26576,31606,
,102169,DEFAULT,AT,CHF,30282,36016,
,102169,ORIGINAL,AT,EUR,29517,35106,
,102169,ORIGINAL,AT,CHF,33635,40006,
M58095,,DEFAULT,AT,EUR,15460,18379,
M58095,,DEFAULT,AT,CHF,17610,20938,
M58095,,ORIGINAL,AT,EUR,17166,20410,
M58095,,ORIGINAL,AT,CHF,19555,23253,
,102177,DEFAULT,AT,EUR,15460,18379,
,102177,DEFAULT,AT,CHF,17610,20938,
,102177,ORIGINAL,AT,EUR,17166,20410,
,102177,ORIGINAL,AT,CHF,19555,23253,
M58102,,DEFAULT,AT,EUR,16940,20140,
M58102,,DEFAULT,AT,CHF,19297,22945,
,102180,DEFAULT,AT,EUR,16940,20140,
,102180,DEFAULT,AT,CHF,19297,22945,
M58103,,DEFAULT,AT,EUR,16940,20140,
M58103,,DEFAULT,AT,CHF,19297,22945,
,102181,DEFAULT,AT,EUR,16940,20140,
,102181,DEFAULT,AT,CHF,19297,22945,
M58104,,DEFAULT,AT,EUR,16940,20140,
M58104,,DEFAULT,AT,CHF,19297,22945,
,102182,DEFAULT,AT,EUR,16940,20140,
,102182,DEFAULT,AT,CHF,19297,22945,
M58105,,DEFAULT,AT,EUR,16940,20140,
M58105,,DEFAULT,AT,CHF,19297,22945,
,102183,DEFAULT,AT,EUR,16940,20140,
,102183,DEFAULT,AT,CHF,19297,22945,
M61124,,DEFAULT,AT,EUR,15572,18511,
M61124,,DEFAULT,AT,CHF,17738,21088,
,102708,DEFAULT,AT,EUR,15572,18511,
,102708,DEFAULT,AT,CHF,17738,21088,
M61125,,DEFAULT,AT,EUR,18385,21859,
M61125,,DEFAULT,AT,CHF,20944,24905,
,102712,DEFAULT,AT,EUR,18385,21859,
,102712,DEFAULT,AT,CHF,20944,24905,
M53287,,DEFAULT,AT,EUR,12758,15164,
M53287,,DEFAULT,AT,CHF,14530,17272,
,102775,DEFAULT,AT,EUR,12758,15164,
,102775,DEFAULT,AT,CHF,14530,17272,
M53288,,DEFAULT,AT,EUR,13134,15610,
M53288,,DEFAULT,AT,CHF,14958,17781,
,102779,DEFAULT,AT,EUR,13134,15610,
,102779,DEFAULT,AT,CHF,14958,17781,
M226,,DEFAULT,AT,EUR,39202,46631,
M226,,DEFAULT,AT,CHF,44676,53145,
,102809,DEFAULT,AT,EUR,39202,46631,
,102809,DEFAULT,AT,CHF,44676,53145,
M62584,,DEFAULT,AT,EUR,16884,20073,
M62584,,DEFAULT,AT,CHF,19233,22869,
,102841,DEFAULT,AT,EUR,16884,20073,
,102841,DEFAULT,AT,CHF,19233,22869,
M766,,DEFAULT,AT,EUR,19322,22975,
M766,,DEFAULT,AT,CHF,22013,26177,
,102917,DEFAULT,AT,EUR,19322,22975,
,102917,DEFAULT,AT,CHF,22013,26177,
M767,,DEFAULT,AT,EUR,19932,23700,
M767,,DEFAULT,AT,CHF,22708,27003,
,102918,DEFAULT,AT,EUR,19932,23700,
,102918,DEFAULT,AT,CHF,22708,27003,
M768,,DEFAULT,AT,EUR,21760,25876,
M768,,DEFAULT,AT,CHF,24792,29484,
,102919,DEFAULT,AT,EUR,21760,25876,
,102919,DEFAULT,AT,CHF,24792,29484,
M769,,DEFAULT,AT,EUR,23261,27661,
M769,,DEFAULT,AT,CHF,26503,31519,
,102920,DEFAULT,AT,EUR,23261,27661,
,102920,DEFAULT,AT,CHF,26503,31519,
M771,,DEFAULT,AT,EUR,25136,29893,
M771,,DEFAULT,AT,CHF,28641,34064,
,102922,DEFAULT,AT,EUR,25136,29893,
,102922,DEFAULT,AT,CHF,28641,34064,
M787,,DEFAULT,AT,EUR,23354,27773,
M787,,DEFAULT,AT,CHF,26609,31647,
,102923,DEFAULT,AT,EUR,23354,27773,
,102923,DEFAULT,AT,CHF,26609,31647,
M788,,DEFAULT,AT,EUR,24949,29670,
M788,,DEFAULT,AT,CHF,28427,33809,
,102924,DEFAULT,AT,EUR,24949,29670,
,102924,DEFAULT,AT,CHF,28427,33809,
M789,,DEFAULT,AT,EUR,25511,30339,
M789,,DEFAULT,AT,CHF,29068,34572,
,102925,DEFAULT,AT,EUR,25511,30339,
,102925,DEFAULT,AT,CHF,29068,34572,
,102935,DEFAULT,AT,EUR,12964,15408,
,102935,DEFAULT,AT,CHF,14764,17551,
,102936,DEFAULT,AT,EUR,14775,17563,
,102936,DEFAULT,AT,CHF,16829,20007,
,102938,DEFAULT,AT,EUR,17541,20855,
,102938,DEFAULT,AT,CHF,19982,23760,
,102939,DEFAULT,AT,EUR,18572,22082,
,102939,DEFAULT,AT,CHF,21158,25159,
M719,,DEFAULT,AT,EUR,19370,23031,
M719,,DEFAULT,AT,CHF,22067,26241,
,102940,DEFAULT,AT,EUR,19370,23031,
,102940,DEFAULT,AT,CHF,22067,26241,
M72878,,DEFAULT,AT,EUR,19011,22604,
M72878,,DEFAULT,AT,CHF,21658,25754,
,102972,DEFAULT,AT,EUR,19011,22604,
,102972,DEFAULT,AT,CHF,21658,25754,
M64947,,DEFAULT,AT,EUR,13377,15900,
M64947,,DEFAULT,AT,CHF,15235,18112,
,102976,DEFAULT,AT,EUR,13377,15900,
,102976,DEFAULT,AT,CHF,15235,18112,
M64934,,DEFAULT,AT,EUR,20635,24537,
M64934,,DEFAULT,AT,CHF,23509,27958,
,102988,DEFAULT,AT,EUR,20635,24537,
,102988,DEFAULT,AT,CHF,23509,27958,
M40490,,DEFAULT,AT,EUR,26261,31232,
M40490,,DEFAULT,AT,CHF,29923,35590,
,103117,DEFAULT,AT,EUR,26261,31232,
,103117,DEFAULT,AT,CHF,29923,35590,
M40491,,DEFAULT,AT,EUR,33763,40159,
M40491,,DEFAULT,AT,CHF,38475,45767,
,103118,DEFAULT,AT,EUR,33763,40159,
,103118,DEFAULT,AT,CHF,38475,45767,
M11306,,DEFAULT,AT,EUR,15159,18020,
M11306,,DEFAULT,AT,CHF,17267,20528,
,103235,DEFAULT,AT,EUR,15159,18020,
,103235,DEFAULT,AT,CHF,17267,20528,
M74815,,DEFAULT,AT,EUR,17822,21189,
M74815,,DEFAULT,AT,CHF,20303,24141,
,103296,DEFAULT,AT,EUR,17822,21189,
,103296,DEFAULT,AT,CHF,20303,24141,
M66923,,DEFAULT,AT,EUR,9439,11213,
M66923,,DEFAULT,AT,CHF,10746,12768,
,103388,DEFAULT,AT,EUR,9439,11213,
,103388,DEFAULT,AT,CHF,10746,12768,
M69408,,DEFAULT,AT,EUR,21385,25430,
M69408,,DEFAULT,AT,CHF,24364,28976,
,103510,DEFAULT,AT,EUR,21385,25430,
,103510,DEFAULT,AT,CHF,24364,28976,
M1028049,,DEFAULT,AT,EUR,28137,33464,
M1028049,,DEFAULT,AT,CHF,32062,38134,
,103740,DEFAULT,AT,EUR,28137,33464,
,103740,DEFAULT,AT,CHF,32062,38134,
M72844,,DEFAULT,AT,EUR,64707,76982,
M72844,,DEFAULT,AT,CHF,73751,87745,
,103836,DEFAULT,AT,EUR,64707,76982,
,103836,DEFAULT,AT,CHF,73751,87745,
M72843,,DEFAULT,AT,EUR,43140,51318,
M72843,,DEFAULT,AT,CHF,49165,58488,
,103838,DEFAULT,AT,EUR,43140,51318,
,103838,DEFAULT,AT,CHF,49165,58488,
M72937,,DEFAULT,AT,EUR,49891,59352,
M72937,,DEFAULT,AT,CHF,56861,67647,
,103889,DEFAULT,AT,EUR,49891,59352,
,103889,DEFAULT,AT,CHF,56861,67647,
M72938,,DEFAULT,AT,EUR,51673,61472,
M72938,,DEFAULT,AT,CHF,58893,70064,
,103890,DEFAULT,AT,EUR,51673,61472,
,103890,DEFAULT,AT,CHF,58893,70064,
M72933,,DEFAULT,AT,EUR,40093,47692,
M72933,,DEFAULT,AT,CHF,45692,54354,
,103905,DEFAULT,AT,EUR,40093,47692,
,103905,DEFAULT,AT,CHF,45692,54354,
M72935,,DEFAULT,AT,EUR,41874,49812,
M72935,,DEFAULT,AT,CHF,47722,56771,
,103907,DEFAULT,AT,EUR,41874,49812,
,103907,DEFAULT,AT,CHF,47722,56771,
M26831,,DEFAULT,AT,EUR,64707,76982,
M26831,,DEFAULT,AT,CHF,73751,87745,
,104074,DEFAULT,AT,EUR,64707,76982,
,104074,DEFAULT,AT,CHF,73751,87745,
M10577,,DEFAULT,AT,EUR,8323,9885,
M10577,,DEFAULT,AT,CHF,9474,11254,
,104151,DEFAULT,AT,EUR,8323,9885,
,104151,DEFAULT,AT,CHF,9474,11254,
M10871,,DEFAULT,AT,EUR,9748,11582,
M10871,,DEFAULT,AT,CHF,11098,13189,
,104190,DEFAULT,AT,EUR,9748,11582,
,104190,DEFAULT,AT,CHF,11098,13189,
M10872,,DEFAULT,AT,EUR,10339,12285,
M10872,,DEFAULT,AT,CHF,11772,13990,
,104192,DEFAULT,AT,EUR,10339,12285,
,104192,DEFAULT,AT,CHF,11772,13990,
M11473,,DEFAULT,AT,EUR,10705,12720,
M11473,,DEFAULT,AT,CHF,12189,14486,
,104440,DEFAULT,AT,EUR,10705,12720,
,104440,DEFAULT,AT,CHF,12189,14486,
M75071,,DEFAULT,AT,EUR,19564,23263,
M75071,,DEFAULT,AT,CHF,22288,26505,
,104445,DEFAULT,AT,EUR,19564,23263,
,104445,DEFAULT,AT,CHF,22288,26505,
M11542,,DEFAULT,AT,EUR,9748,11582,
M11542,,DEFAULT,AT,CHF,11098,13189,
M11542,,ORIGINAL,AT,EUR,10820,12857,
M11542,,ORIGINAL,AT,CHF,12320,14643,
,104517,DEFAULT,AT,EUR,9748,11582,
,104517,DEFAULT,AT,CHF,11098,13189,
,104517,ORIGINAL,AT,EUR,10820,12857,
,104517,ORIGINAL,AT,CHF,12320,14643,
M2365,,DEFAULT,AT,EUR,23917,28442,
M2365,,DEFAULT,AT,CHF,27251,32409,
,104523,DEFAULT,AT,EUR,23917,28442,
,104523,DEFAULT,AT,CHF,27251,32409,
M2366,,DEFAULT,AT,EUR,25756,30631,
M2366,,DEFAULT,AT,CHF,29347,34905,
,104524,DEFAULT,AT,EUR,25756,30631,
,104524,DEFAULT,AT,CHF,29347,34905,
M526,,DEFAULT,AT,EUR,26722,31780,
M526,,DEFAULT,AT,CHF,30449,36215,
,104937,DEFAULT,AT,EUR,26722,31780,
,104937,DEFAULT,AT,CHF,30449,36215,
M528,,DEFAULT,AT,EUR,27734,32984,
M528,,DEFAULT,AT,CHF,31602,37587,
M528,,ORIGINAL,AT,EUR,30804,36637,
M528,,ORIGINAL,AT,CHF,35102,41752,
,104939,DEFAULT,AT,EUR,27734,32984,
,104939,DEFAULT,AT,CHF,31602,37587,
,104939,ORIGINAL,AT,EUR,30804,36637,
,104939,ORIGINAL,AT,CHF,35102,41752,
M79892,,DEFAULT,AT,EUR,12214,14516,
M79892,,DEFAULT,AT,CHF,13909,16534,
,107061,DEFAULT,AT,EUR,12214,14516,
,107061,DEFAULT,AT,CHF,13909,16534,
M79932,,DEFAULT,AT,EUR,8456,10044,
M79932,,DEFAULT,AT,CHF,9625,11436,
,107063,DEFAULT,AT,EUR,8456,10044,
,107063,DEFAULT,AT,CHF,9625,11436,
M80392,,DEFAULT,AT,EUR,17183,20429,
M80392,,DEFAULT,AT,CHF,19574,23275,
,107253,DEFAULT,AT,EUR,17183,20429,
,107253,DEFAULT,AT,CHF,19574,23275,
,107252,DEFAULT,AT,EUR,18891,22461,
,107252,DEFAULT,AT,CHF,21521,25592,
M12655,,DEFAULT,AT,EUR,17183,20429,
M12655,,DEFAULT,AT,CHF,19574,23275,
,107254,DEFAULT,AT,EUR,17183,20429,
,107254,DEFAULT,AT,CHF,19574,23275,
M12656,,DEFAULT,AT,EUR,20290,24126,
M12656,,DEFAULT,AT,CHF,23116,27489,
,107255,DEFAULT,AT,EUR,20290,24126,
,107255,DEFAULT,AT,CHF,23116,27489,
M87416,,DEFAULT,AT,EUR,37771,44929,
M87416,,DEFAULT,AT,CHF,43044,51205,
,107273,DEFAULT,AT,EUR,37771,44929,
,107273,DEFAULT,AT,CHF,43044,51205,
M87599,,DEFAULT,AT,EUR,65235,77610,
M87599,,DEFAULT,AT,CHF,74353,88461,
,107287,DEFAULT,AT,EUR,65235,77610,
,107287,DEFAULT,AT,CHF,74353,88461,
M213,,DEFAULT,AT,EUR,24040,28588,
M213,,DEFAULT,AT,CHF,27391,32576,
,107305,DEFAULT,AT,EUR,24040,28588,
,107305,DEFAULT,AT,CHF,27391,32576,
M229,,DEFAULT,AT,EUR,31764,37780,
M229,,DEFAULT,AT,CHF,36196,43055,
,107306,DEFAULT,AT,EUR,31764,37780,
,107306,DEFAULT,AT,CHF,36196,43055,
M14054,,DEFAULT,AT,EUR,42921,51057,
M14054,,DEFAULT,AT,CHF,48915,58190,
,107310,DEFAULT,AT,EUR,42921,51057,
,107310,DEFAULT,AT,CHF,48915,58190,
M15127,,DEFAULT,AT,EUR,24040,28588,
M15127,,DEFAULT,AT,CHF,27391,32576,
,107311,DEFAULT,AT,EUR,24040,28588,
,107311,DEFAULT,AT,CHF,27391,32576,
M432,,DEFAULT,AT,EUR,54123,64387,
M432,,DEFAULT,AT,CHF,61686,73387,
,107313,DEFAULT,AT,EUR,54123,64387,
,107313,DEFAULT,AT,CHF,61686,73387,
M87464,,DEFAULT,AT,EUR,34338,40844,
M87464,,DEFAULT,AT,CHF,39131,46548,
,107315,DEFAULT,AT,EUR,34338,40844,
,107315,DEFAULT,AT,CHF,39131,46548,
M86939,,DEFAULT,AT,EUR,18077,21493,
M86939,,DEFAULT,AT,CHF,20593,24488,
,107396,DEFAULT,AT,EUR,18077,21493,
,107396,DEFAULT,AT,CHF,20593,24488,
M86938,,DEFAULT,AT,EUR,19884,23643,
M86938,,DEFAULT,AT,CHF,22653,26939,
,107403,DEFAULT,AT,EUR,19884,23643,
,107403,DEFAULT,AT,CHF,22653,26939,
M90851,,DEFAULT,AT,EUR,121565,144644,
M90851,,DEFAULT,AT,CHF,138570,164880,
,107938,DEFAULT,AT,EUR,121565,144644,
,107938,DEFAULT,AT,CHF,138570,164880,
M90810,,DEFAULT,AT,EUR,31764,37780,
M90810,,DEFAULT,AT,CHF,36196,43055,
,108263,DEFAULT,AT,EUR,31764,37780,
,108263,DEFAULT,AT,CHF,36196,43055,
M90737,,DEFAULT,AT,EUR,14608,17364,
M90737,,DEFAULT,AT,CHF,16639,19780,
,108278,DEFAULT,AT,EUR,14608,17364,
,108278,DEFAULT,AT,CHF,16639,19780,
M90800,,DEFAULT,AT,EUR,30048,35738,
M90800,,DEFAULT,AT,CHF,34240,40727,
,108287,DEFAULT,AT,EUR,30048,35738,
,108287,DEFAULT,AT,CHF,34240,40727,
M90805,,DEFAULT,AT,EUR,44637,53099,
M90805,,DEFAULT,AT,CHF,50872,60518,
,108298,DEFAULT,AT,EUR,44637,53099,
,108298,DEFAULT,AT,CHF,50872,60518,
M90806,,DEFAULT,AT,EUR,55839,66430,
M90806,,DEFAULT,AT,CHF,63642,75716,
,108302,DEFAULT,AT,EUR,55839,66430,
,108302,DEFAULT,AT,CHF,63642,75716,
M1000785,,DEFAULT,AT,EUR,40662,48369,
M1000785,,DEFAULT,AT,CHF,46340,55126,
,212427,DEFAULT,AT,EUR,40662,48369,
,212427,DEFAULT,AT,CHF,46340,55126,
M1000786,,DEFAULT,AT,EUR,12245,14552,
M1000786,,DEFAULT,AT,CHF,13945,16575,
,212440,DEFAULT,AT,EUR,12245,14552,
,212440,DEFAULT,AT,CHF,13945,16575,
M1000838,,DEFAULT,AT,EUR,141388,168233,
M1000838,,DEFAULT,AT,CHF,161168,191771,
,212442,DEFAULT,AT,EUR,141388,168233,
,212442,DEFAULT,AT,CHF,161168,191771,
M1000839,,DEFAULT,AT,EUR,168013,199917,
M1000839,,DEFAULT,AT,CHF,191520,227891,
,212444,DEFAULT,AT,EUR,168013,199917,
,212444,DEFAULT,AT,CHF,191520,227891,
M1000840,,DEFAULT,AT,EUR,266245,316813,
M1000840,,DEFAULT,AT,CHF,303505,361152,
,212447,DEFAULT,AT,EUR,266245,316813,
,212447,DEFAULT,AT,CHF,303505,361152,
M1006484,,DEFAULT,AT,EUR,21356,25395,
M1006484,,DEFAULT,AT,CHF,24331,28936,
,212837,DEFAULT,AT,EUR,21356,25395,
,212837,DEFAULT,AT,CHF,24331,28936,
M1006811,,DEFAULT,AT,EUR,14464,17193,
M1006811,,DEFAULT,AT,CHF,16474,19586,
,213103,DEFAULT,AT,EUR,14464,17193,
,213103,DEFAULT,AT,CHF,16474,19586,
M1006871,,DEFAULT,AT,EUR,24401,29018,
M1006871,,DEFAULT,AT,CHF,27803,33066,
,213216,DEFAULT,AT,EUR,24401,29018,
,213216,DEFAULT,AT,CHF,27803,33066,
M5108,,DEFAULT,AT,EUR,9124,10839,
M5108,,DEFAULT,AT,CHF,10387,12342,
,400065,DEFAULT,AT,EUR,9124,10839,
,400065,DEFAULT,AT,CHF,10387,12342,
M5043,,DEFAULT,AT,EUR,26975,32081,
M5043,,DEFAULT,AT,CHF,30737,36558,
,400072,DEFAULT,AT,EUR,26975,32081,
,400072,DEFAULT,AT,CHF,30737,36558,
M5022,,DEFAULT,AT,EUR,18077,21493,
M5022,,DEFAULT,AT,CHF,20593,24488,
,400074,DEFAULT,AT,EUR,18077,21493,
,400074,DEFAULT,AT,CHF,20593,24488,
M5113,,DEFAULT,AT,EUR,16270,19343,
M5113,,DEFAULT,AT,CHF,18533,22037,
,400434,DEFAULT,AT,EUR,16270,19343,
,400434,DEFAULT,AT,CHF,18533,22037,
M65062,,DEFAULT,AT,EUR,148709,176945,
M65062,,DEFAULT,AT,CHF,169514,201703,
,400855,DEFAULT,AT,EUR,148709,176945,
,400855,DEFAULT,AT,CHF,169514,201703,
M5154,,DEFAULT,AT,EUR,11076,13162,
M5154,,DEFAULT,AT,CHF,12612,14990,
,401627,DEFAULT,AT,EUR,11076,13162,
,401627,DEFAULT,AT,CHF,12612,14990,
M5155,,DEFAULT,AT,EUR,15476,18397,
M5155,,DEFAULT,AT,CHF,17628,20958,
,401629,DEFAULT,AT,EUR,15476,18397,
,401629,DEFAULT,AT,CHF,17628,20958,
M5147,,DEFAULT,AT,EUR,15909,18913,
M5147,,DEFAULT,AT,CHF,18122,21546,
,401768,DEFAULT,AT,EUR,15909,18913,
,401768,DEFAULT,AT,CHF,18122,21546,
M5148,,DEFAULT,AT,EUR,21691,25793,
M5148,,DEFAULT,AT,CHF,24713,29390,
,401781,DEFAULT,AT,EUR,21691,25793,
,401781,DEFAULT,AT,CHF,24713,29390,
M5044,,DEFAULT,AT,EUR,17906,21289,
M5044,,DEFAULT,AT,CHF,20398,24255,
,403006,DEFAULT,AT,EUR,17906,21289,
,403006,DEFAULT,AT,CHF,20398,24255,
M70208,,DEFAULT,AT,EUR,19884,23643,
M70208,,DEFAULT,AT,CHF,22653,26939,
,403125,DEFAULT,AT,EUR,19884,23643,
,403125,DEFAULT,AT,CHF,22653,26939,
M88184,,DEFAULT,AT,EUR,587310,698879,
M88184,,DEFAULT,AT,CHF,669519,796708,
,404108,DEFAULT,AT,EUR,587310,698879,
,404108,DEFAULT,AT,CHF,669519,796708,
M1031236,,DEFAULT,AT,EUR,16812,19988,
M1031236,,DEFAULT,AT,CHF,19151,22772,
,408034,DEFAULT,AT,EUR,16812,19988,
,408034,DEFAULT,AT,CHF,19151,22772,
M1031238,,DEFAULT,AT,EUR,5330,6324,
M1031238,,DEFAULT,AT,CHF,6062,7195,
,408104,DEFAULT,AT,EUR,5330,6324,
,408104,DEFAULT,AT,CHF,6062,7195,
M90799,,DEFAULT,AT,EUR,34338,40844,
M90799,,DEFAULT,AT,CHF,39131,46548,
,410075,DEFAULT,AT,EUR,34338,40844,
,410075,DEFAULT,AT,CHF,39131,46548,
M90802,,DEFAULT,AT,EUR,42063,50036,
M90802,,DEFAULT,AT,CHF,47937,57027,
,410083,DEFAULT,AT,EUR,42063,50036,
,410083,DEFAULT,AT,CHF,47937,57027,
M1024684,,DEFAULT,AT,EUR,53219,63312,
M1024684,,DEFAULT,AT,CHF,60655,72161,
,410090,DEFAULT,AT,EUR,53219,63312,
,410090,DEFAULT,AT,CHF,60655,72161,
M1024689,,DEFAULT,AT,EUR,74720,88898,
M1024689,,DEFAULT,AT,CHF,85166,101329,
,410102,DEFAULT,AT,EUR,74720,88898,
,410102,DEFAULT,AT,CHF,85166,101329,
M90804,,DEFAULT,AT,EUR,24040,28588,
M90804,,DEFAULT,AT,CHF,27391,32576,
,410104,DEFAULT,AT,EUR,24040,28588,
,410104,DEFAULT,AT,CHF,27391,32576,
M1080190,,DEFAULT,AT,EUR,27473,32673,
M1080190,,DEFAULT,AT,CHF,31305,37233,
,411653,DEFAULT,AT,EUR,27473,32673,
,411653,DEFAULT,AT,CHF,31305,37233,
M1079243,,DEFAULT,AT,EUR,18077,21493,
M1079243,,DEFAULT,AT,CHF,20593,24488,
,413849,DEFAULT,AT,EUR,18077,21493,
,413849,DEFAULT,AT,CHF,20593,24488,
M1079219,,DEFAULT,AT,EUR,35242,41919,
M1079219,,DEFAULT,AT,CHF,40161,47773,
,413850,DEFAULT,AT,EUR,35242,41919,
,413850,DEFAULT,AT,CHF,40161,47773,
M1079221,,DEFAULT,AT,EUR,16421,19523,
M1079221,,DEFAULT,AT,CHF,18705,22242,
,413852,DEFAULT,AT,EUR,16421,19523,
,413852,DEFAULT,AT,CHF,18705,22242,
M1079222,,DEFAULT,AT,EUR,28918,34393,
M1079222,,DEFAULT,AT,CHF,32952,39194,
,413854,DEFAULT,AT,EUR,28918,34393,
,413854,DEFAULT,AT,CHF,32952,39194,
M1028375,,DEFAULT,AT,EUR,73004,86856,
M1028375,,DEFAULT,AT,CHF,83210,99001,
,414097,DEFAULT,AT,EUR,73004,86856,
,414097,DEFAULT,AT,CHF,83210,99001,
M1028376,,DEFAULT,AT,EUR,77250,91908,
M1028376,,DEFAULT,AT,CHF,88050,104761,
,414098,DEFAULT,AT,EUR,77250,91908,
,414098,DEFAULT,AT,CHF,88050,104761,
M29455,,DEFAULT,AT,EUR,28918,34393,
M29455,,DEFAULT,AT,CHF,32952,39194,
M29455,,ORIGINAL,AT,EUR,32120,38203,
M29455,,ORIGINAL,AT,CHF,36602,43537,
,419780,DEFAULT,AT,EUR,28918,34393,
,419780,DEFAULT,AT,CHF,32952,39194,
,419780,ORIGINAL,AT,EUR,32120,38203,
,419780,ORIGINAL,AT,CHF,36602,43537,
M29456,,DEFAULT,AT,EUR,22618,26897,
M29456,,DEFAULT,AT,CHF,25770,30648,
,419781,DEFAULT,AT,EUR,22618,26897,
,419781,DEFAULT,AT,CHF,25770,30648,
,419782,DEFAULT,AT,EUR,18114,21537,
,419782,DEFAULT,AT,CHF,20636,24538,
M29468,,DEFAULT,AT,EUR,49942,59412,
M29468,,DEFAULT,AT,CHF,56919,67715,
,419803,DEFAULT,AT,EUR,49942,59412,
,419803,DEFAULT,AT,CHF,56919,67715,
M29499,,DEFAULT,AT,EUR,2917,3452,
M29499,,DEFAULT,AT,CHF,3311,3921,
,419869,DEFAULT,AT,EUR,2917,3452,
,419869,DEFAULT,AT,CHF,3311,3921,
M29501,,DEFAULT,AT,EUR,24502,29139,
M29501,,DEFAULT,AT,CHF,27918,33204,
,419871,DEFAULT,AT,EUR,24502,29139,
,419871,DEFAULT,AT,CHF,27918,33204,
M29502,,DEFAULT,AT,EUR,3388,4012,
M29502,,DEFAULT,AT,CHF,3848,4559,
,419872,DEFAULT,AT,EUR,3388,4012,
,419872,DEFAULT,AT,CHF,3848,4559,
M29503,,DEFAULT,AT,EUR,5272,6255,
M29503,,DEFAULT,AT,CHF,5996,7116,
,419873,DEFAULT,AT,EUR,5272,6255,
,419873,DEFAULT,AT,CHF,5996,7116,
M29504,,DEFAULT,AT,EUR,28271,33624,
M29504,,DEFAULT,AT,CHF,32214,38317,
,419876,DEFAULT,AT,EUR,28271,33624,
,419876,DEFAULT,AT,CHF,32214,38317,
M29507,,DEFAULT,AT,EUR,18849,22412,
M29507,,DEFAULT,AT,CHF,21473,25535,
,419880,DEFAULT,AT,EUR,18849,22412,
,419880,DEFAULT,AT,CHF,21473,25535,
M29523,,DEFAULT,AT,EUR,46173,54927,
M29523,,DEFAULT,AT,CHF,52623,62602,
,419897,DEFAULT,AT,EUR,46173,54927,
,419897,DEFAULT,AT,CHF,52623,62602,
M29524,,DEFAULT,AT,EUR,32982,39230,
M29524,,DEFAULT,AT,CHF,37585,44708,
M29524,,ORIGINAL,AT,EUR,36635,43577,
M29524,,ORIGINAL,AT,CHF,41750,49664,
,419898,DEFAULT,AT,EUR,32982,39230,
,419898,DEFAULT,AT,CHF,37585,44708,
,419898,ORIGINAL,AT,EUR,36635,43577,
,419898,ORIGINAL,AT,CHF,41750,49664,
M29525,,DEFAULT,AT,EUR,9708,11534,
M29525,,DEFAULT,AT,CHF,11053,13134,
,419900,DEFAULT,AT,EUR,9708,11534,
,419900,DEFAULT,AT,CHF,11053,13134,
M29526,,DEFAULT,AT,EUR,9708,11534,
M29526,,DEFAULT,AT,CHF,11053,13134,
,419901,DEFAULT,AT,EUR,9708,11534,
,419901,DEFAULT,AT,CHF,11053,13134,
M29529,,DEFAULT,AT,EUR,77540,92254,
M29529,,DEFAULT,AT,CHF,88381,105155,
M29529,,ORIGINAL,AT,EUR,86144,102493,
M29529,,ORIGINAL,AT,CHF,98190,116827,
,419904,DEFAULT,AT,EUR,77540,92254,
,419904,DEFAULT,AT,CHF,88381,105155,
,419904,ORIGINAL,AT,EUR,86144,102493,
,419904,ORIGINAL,AT,CHF,98190,116827,
M29530,,DEFAULT,AT,EUR,89000,105891,
M29530,,DEFAULT,AT,CHF,101445,120701,
M29530,,ORIGINAL,AT,EUR,98877,117645,
M29530,,ORIGINAL,AT,CHF,112705,134101,
,419905,DEFAULT,AT,EUR,89000,105891,
,419905,DEFAULT,AT,CHF,101445,120701,
,419905,ORIGINAL,AT,EUR,98877,117645,
,419905,ORIGINAL,AT,CHF,112705,134101,
M21062,,DEFAULT,AT,EUR,535,617,
M21062,,DEFAULT,AT,CHF,595,689,
,420506,DEFAULT,AT,EUR,535,617,
,420506,DEFAULT,AT,CHF,595,689,
M21066,,DEFAULT,AT,EUR,345,392,
M21066,,DEFAULT,AT,CHF,379,432,
,420514,DEFAULT,AT,EUR,345,392,
,420514,DEFAULT,AT,CHF,379,432,
M21067,,DEFAULT,AT,EUR,383,437,
M21067,,DEFAULT,AT,CHF,422,484,
,420520,DEFAULT,AT,EUR,383,437,
,420520,DEFAULT,AT,CHF,422,484,
M21073,,DEFAULT,AT,EUR,659,765,
M21073,,DEFAULT,AT,CHF,737,858,
,420527,DEFAULT,AT,EUR,659,765,
,420527,DEFAULT,AT,CHF,737,858,
M21090,,DEFAULT,AT,EUR,1924,2270,
M21090,,DEFAULT,AT,CHF,2179,2573,
,420549,DEFAULT,AT,EUR,1924,2270,
,420549,DEFAULT,AT,CHF,2179,2573,
M21091,,DEFAULT,AT,EUR,2906,3440,
M21091,,DEFAULT,AT,CHF,3298,3907,
,420550,DEFAULT,AT,EUR,2906,3440,
,420550,DEFAULT,AT,CHF,3298,3907,
M21092,,DEFAULT,AT,EUR,1048,1228,
M21092,,DEFAULT,AT,CHF,1180,1385,
,420551,DEFAULT,AT,EUR,1048,1228,
,420551,DEFAULT,AT,CHF,1180,1385,
M21093,,DEFAULT,AT,EUR,2840,3361,
M21093,,DEFAULT,AT,CHF,3223,3817,
,420554,DEFAULT,AT,EUR,2840,3361,
,420554,DEFAULT,AT,CHF,3223,3817,
M21094,,DEFAULT,AT,EUR,10531,12513,
M21094,,DEFAULT,AT,CHF,11991,14250,
,420555,DEFAULT,AT,EUR,10531,12513,
,420555,DEFAULT,AT,CHF,11991,14250,
M21097,,DEFAULT,AT,EUR,2048,2419,
M21097,,DEFAULT,AT,CHF,2320,2743,
,420562,DEFAULT,AT,EUR,2048,2419,
,420562,DEFAULT,AT,CHF,2320,2743,
M21099,,DEFAULT,AT,EUR,934,1092,
M21099,,DEFAULT,AT,CHF,1050,1230,
,420565,DEFAULT,AT,EUR,934,1092,
,420565,DEFAULT,AT,CHF,1050,1230,
M21100,,DEFAULT,AT,EUR,1427,1679,
M21100,,DEFAULT,AT,CHF,1612,1900,
,420566,DEFAULT,AT,EUR,1427,1679,
,420566,DEFAULT,AT,CHF,1612,1900,
M21101,,DEFAULT,AT,EUR,2127,2513,
M21101,,DEFAULT,AT,CHF,2410,2850,
,420567,DEFAULT,AT,EUR,2127,2513,
,420567,DEFAULT,AT,CHF,2410,2850,
M21103,,DEFAULT,AT,EUR,2282,2696,
M21103,,DEFAULT,AT,CHF,2587,3059,
,420573,DEFAULT,AT,EUR,2282,2696,
,420573,DEFAULT,AT,CHF,2587,3059,
M21104,,DEFAULT,AT,EUR,7739,9191,
M21104,,DEFAULT,AT,CHF,8808,10463,
,420574,DEFAULT,AT,EUR,7739,9191,
,420574,DEFAULT,AT,CHF,8808,10463,
M21105,,DEFAULT,AT,EUR,2092,2470,
M21105,,DEFAULT,AT,CHF,2370,2801,
,420575,DEFAULT,AT,EUR,2092,2470,
,420575,DEFAULT,AT,CHF,2370,2801,
M21189,,DEFAULT,AT,EUR,763,889,
M21189,,DEFAULT,AT,CHF,855,999,
,420685,DEFAULT,AT,EUR,500,580,"[{""quantity"":5,""net_price"":350,""gross_price"":420},{""quantity"":10,""net_price"":300,""gross_price"":360},{""quantity"":20,""net_price"":200,""gross_price"":240}]"
,420685,DEFAULT,AT,CHF,550,640,"[{""quantity"":5,""net_price"":400,""gross_price"":480},{""quantity"":10,""net_price"":350,""gross_price"":420},{""quantity"":20,""net_price"":250,""gross_price"":300}]"
M21190,,DEFAULT,AT,EUR,506,584,
M21190,,DEFAULT,AT,CHF,562,651,
M21190,,ORIGINAL,AT,EUR,551,637,
M21190,,ORIGINAL,AT,CHF,613,712,
,420687,DEFAULT,AT,EUR,506,584,
,420687,DEFAULT,AT,CHF,562,651,
,420687,ORIGINAL,AT,EUR,551,637,
,420687,ORIGINAL,AT,CHF,613,712,
M21191,,DEFAULT,AT,EUR,405,463,
M21191,,DEFAULT,AT,CHF,447,513,
,420689,DEFAULT,AT,EUR,405,463,
,420689,DEFAULT,AT,CHF,447,513,
M21193,,DEFAULT,AT,EUR,836,976,
M21193,,DEFAULT,AT,CHF,939,1098,
,420691,DEFAULT,AT,EUR,836,976,
,420691,DEFAULT,AT,CHF,939,1098,
M21194,,DEFAULT,AT,EUR,588,680,
M21194,,DEFAULT,AT,CHF,656,761,
,420692,DEFAULT,AT,EUR,588,680,
,420692,DEFAULT,AT,CHF,656,761,
M21195,,DEFAULT,AT,EUR,455,522,
M21195,,DEFAULT,AT,CHF,504,581,
,420694,DEFAULT,AT,EUR,455,522,
,420694,DEFAULT,AT,CHF,504,581,
M21196,,DEFAULT,AT,EUR,894,1045,
M21196,,DEFAULT,AT,CHF,1005,1177,
,420695,DEFAULT,AT,EUR,894,1045,
,420695,DEFAULT,AT,CHF,1005,1177,
M21197,,DEFAULT,AT,EUR,1135,1331,
M21197,,DEFAULT,AT,CHF,1279,1503,
,420696,DEFAULT,AT,EUR,1135,1331,
,420696,DEFAULT,AT,CHF,1279,1503,
M21200,,DEFAULT,AT,EUR,463,532,
M21200,,DEFAULT,AT,CHF,513,592,
,420706,DEFAULT,AT,EUR,463,532,
,420706,DEFAULT,AT,CHF,513,592,
M21201,,DEFAULT,AT,EUR,455,522,
M21201,,DEFAULT,AT,CHF,504,581,
,420707,DEFAULT,AT,EUR,455,522,
,420707,DEFAULT,AT,CHF,504,581,
M21202,,DEFAULT,AT,EUR,976,1143,
M21202,,DEFAULT,AT,CHF,1098,1289,
,420708,DEFAULT,AT,EUR,976,1143,
,420708,DEFAULT,AT,CHF,1098,1289,
M21203,,DEFAULT,AT,EUR,976,1143,
M21203,,DEFAULT,AT,CHF,1098,1289,
,420709,DEFAULT,AT,EUR,976,1143,
,420709,DEFAULT,AT,CHF,1098,1289,
M21205,,DEFAULT,AT,EUR,306,345,
M21205,,DEFAULT,AT,CHF,334,379,
,420712,DEFAULT,AT,EUR,306,345,
,420712,DEFAULT,AT,CHF,334,379,
M21296,,DEFAULT,AT,EUR,1093,1282,
M21296,,DEFAULT,AT,CHF,1232,1447,
,420836,DEFAULT,AT,EUR,1093,1282,
,420836,DEFAULT,AT,CHF,1232,1447,
M21299,,DEFAULT,AT,EUR,3165,3747,
M21299,,DEFAULT,AT,CHF,3594,4257,
,420845,DEFAULT,AT,EUR,3165,3747,
,420845,DEFAULT,AT,CHF,3594,4257,
M21635,,DEFAULT,AT,EUR,1300,1528,
M21635,,DEFAULT,AT,CHF,1467,1727,
,421245,DEFAULT,AT,EUR,1300,1528,
,421245,DEFAULT,AT,CHF,1467,1727,
M21636,,DEFAULT,AT,EUR,936,1095,
M21636,,DEFAULT,AT,CHF,1053,1234,
,421246,DEFAULT,AT,EUR,936,1095,
,421246,DEFAULT,AT,CHF,1053,1234,
M21637,,DEFAULT,AT,EUR,571,660,
M21637,,DEFAULT,AT,CHF,636,738,
,421247,DEFAULT,AT,EUR,571,660,
,421247,DEFAULT,AT,CHF,636,738,
M21638,,DEFAULT,AT,EUR,679,789,
M21638,,DEFAULT,AT,CHF,760,885,
,421248,DEFAULT,AT,EUR,679,789,
,421248,DEFAULT,AT,CHF,760,885,
M21646,,DEFAULT,AT,EUR,314,355,
M21646,,DEFAULT,AT,CHF,343,390,
,421261,DEFAULT,AT,EUR,314,355,
,421261,DEFAULT,AT,CHF,343,390,
M21648,,DEFAULT,AT,EUR,811,946,
M21648,,DEFAULT,AT,CHF,910,1064,
,421263,DEFAULT,AT,EUR,811,946,
,421263,DEFAULT,AT,CHF,910,1064,
M21650,,DEFAULT,AT,EUR,554,641,
M21650,,DEFAULT,AT,CHF,617,716,
,421265,DEFAULT,AT,EUR,554,641,
,421265,DEFAULT,AT,CHF,617,716,
M21679,,DEFAULT,AT,EUR,621,720,
M21679,,DEFAULT,AT,CHF,693,806,
,421322,DEFAULT,AT,EUR,621,720,
,421322,DEFAULT,AT,CHF,693,806,
M21680,,DEFAULT,AT,EUR,545,630,
M21680,,DEFAULT,AT,CHF,607,704,
,421323,DEFAULT,AT,EUR,545,630,
,421323,DEFAULT,AT,CHF,607,704,
M21681,,DEFAULT,AT,EUR,621,720,
M21681,,DEFAULT,AT,CHF,693,806,
,421324,DEFAULT,AT,EUR,621,720,
,421324,DEFAULT,AT,CHF,693,806,
M21684,,DEFAULT,AT,EUR,364,414,
M21684,,DEFAULT,AT,CHF,400,457,
,421327,DEFAULT,AT,EUR,364,414,
,421327,DEFAULT,AT,CHF,400,457,
M21690,,DEFAULT,AT,EUR,621,720,
M21690,,DEFAULT,AT,CHF,693,806,
,421339,DEFAULT,AT,EUR,621,720,
,421339,DEFAULT,AT,CHF,693,806,
,421340,DEFAULT,AT,EUR,621,720,
,421340,DEFAULT,AT,CHF,693,806,
M21691,,DEFAULT,AT,EUR,621,720,
M21691,,DEFAULT,AT,CHF,693,806,
,421341,DEFAULT,AT,EUR,621,720,
,421341,DEFAULT,AT,CHF,693,806,
,421342,DEFAULT,AT,EUR,621,720,
,421342,DEFAULT,AT,CHF,693,806,
M21692,,DEFAULT,AT,EUR,621,720,
M21692,,DEFAULT,AT,CHF,693,806,
,421343,DEFAULT,AT,EUR,621,720,
,421343,DEFAULT,AT,CHF,693,806,
,421344,DEFAULT,AT,EUR,621,720,
,421344,DEFAULT,AT,CHF,693,806,
M21693,,DEFAULT,AT,EUR,621,720,
M21693,,DEFAULT,AT,CHF,693,806,
,421345,DEFAULT,AT,EUR,621,720,
,421345,DEFAULT,AT,CHF,693,806,
,421346,DEFAULT,AT,EUR,621,720,
,421346,DEFAULT,AT,CHF,693,806,
M21694,,DEFAULT,AT,EUR,753,877,
M21694,,DEFAULT,AT,CHF,844,985,
,421347,DEFAULT,AT,EUR,753,877,
,421347,DEFAULT,AT,CHF,844,985,
M21703,,DEFAULT,AT,EUR,513,591,
M21703,,DEFAULT,AT,CHF,570,659,
,421378,DEFAULT,AT,EUR,513,591,
,421378,DEFAULT,AT,CHF,570,659,
M21708,,DEFAULT,AT,EUR,554,641,
M21708,,DEFAULT,AT,CHF,617,716,
,421418,DEFAULT,AT,EUR,554,641,
,421418,DEFAULT,AT,CHF,617,716,
M21704,,DEFAULT,AT,EUR,405,463,
M21704,,DEFAULT,AT,CHF,447,513,
,421425,DEFAULT,AT,EUR,405,463,
,421425,DEFAULT,AT,CHF,447,513,
M21711,,DEFAULT,AT,EUR,472,542,
M21711,,DEFAULT,AT,CHF,524,603,
,421426,DEFAULT,AT,EUR,472,542,
,421426,DEFAULT,AT,CHF,524,603,
M21713,,DEFAULT,AT,EUR,961,1124,
M21713,,DEFAULT,AT,CHF,1081,1267,
,421428,DEFAULT,AT,EUR,961,1124,
,421428,DEFAULT,AT,CHF,1081,1267,
M21714,,DEFAULT,AT,EUR,944,1104,
M21714,,DEFAULT,AT,CHF,1062,1244,
,421432,DEFAULT,AT,EUR,944,1104,
,421432,DEFAULT,AT,CHF,1062,1244,
M21715,,DEFAULT,AT,EUR,588,680,
M21715,,DEFAULT,AT,CHF,656,761,
,421433,DEFAULT,AT,EUR,588,680,
,421433,DEFAULT,AT,CHF,656,761,
M21716,,DEFAULT,AT,EUR,646,749,
M21716,,DEFAULT,AT,CHF,722,839,
,421435,DEFAULT,AT,EUR,646,749,
,421435,DEFAULT,AT,CHF,722,839,
M21717,,DEFAULT,AT,EUR,306,345,
M21717,,DEFAULT,AT,CHF,334,379,
,421436,DEFAULT,AT,EUR,306,345,
,421436,DEFAULT,AT,CHF,334,379,
M21740,,DEFAULT,AT,EUR,430,493,
M21740,,DEFAULT,AT,CHF,476,548,
,421475,DEFAULT,AT,EUR,430,493,
,421475,DEFAULT,AT,CHF,476,548,
M21741,,DEFAULT,AT,EUR,430,493,
M21741,,DEFAULT,AT,CHF,476,548,
,421476,DEFAULT,AT,EUR,430,493,
,421476,DEFAULT,AT,CHF,476,548,
M21742,,DEFAULT,AT,EUR,430,493,
M21742,,DEFAULT,AT,CHF,476,548,
,421477,DEFAULT,AT,EUR,430,493,
,421477,DEFAULT,AT,CHF,476,548,
M21743,,DEFAULT,AT,EUR,430,493,
M21743,,DEFAULT,AT,CHF,476,548,
,421478,DEFAULT,AT,EUR,430,493,
,421478,DEFAULT,AT,CHF,476,548,
M21744,,DEFAULT,AT,EUR,472,542,
M21744,,DEFAULT,AT,CHF,524,603,
,421479,DEFAULT,AT,EUR,472,542,
,421479,DEFAULT,AT,CHF,524,603,
M21745,,DEFAULT,AT,EUR,1093,1282,
M21745,,DEFAULT,AT,CHF,1232,1447,
,421481,DEFAULT,AT,EUR,1093,1282,
,421481,DEFAULT,AT,CHF,1232,1447,
M21759,,DEFAULT,AT,EUR,2584,3056,
M21759,,DEFAULT,AT,CHF,2931,3469,
M21759,,ORIGINAL,AT,EUR,2860,3384,
M21759,,ORIGINAL,AT,CHF,3245,3843,
,421511,DEFAULT,AT,EUR,2584,3056,
,421511,DEFAULT,AT,CHF,2931,3469,
,421511,ORIGINAL,AT,EUR,2860,3384,
,421511,ORIGINAL,AT,CHF,3245,3843,
M21766,,DEFAULT,AT,EUR,328,371,
M21766,,DEFAULT,AT,CHF,359,408,
,421519,DEFAULT,AT,EUR,328,371,
,421519,DEFAULT,AT,CHF,359,408,
,421519_1,DEFAULT,AT,EUR,1240,1455,
,421519_1,DEFAULT,AT,CHF,1395,1640,
,421519_2,DEFAULT,AT,EUR,2380,2810,
,421519_2,DEFAULT,AT,CHF,2690,3180,
,421519_3,DEFAULT,AT,EUR,3520,4165,
,421519_3,DEFAULT,AT,CHF,3985,4720,
M21771,,DEFAULT,AT,EUR,320,361,
M21771,,DEFAULT,AT,CHF,350,397,
,421530,DEFAULT,AT,EUR,320,361,
,421530,DEFAULT,AT,CHF,350,397,
M21772,,DEFAULT,AT,EUR,3161,3742,
M21772,,DEFAULT,AT,CHF,3589,4251,
,421531,DEFAULT,AT,EUR,3161,3742,
,421531,DEFAULT,AT,CHF,3589,4251,
M21773,,DEFAULT,AT,EUR,3602,4268,
M21773,,DEFAULT,AT,CHF,4092,4851,
,421533,DEFAULT,AT,EUR,3602,4268,
,421533,DEFAULT,AT,CHF,4092,4851,
M21774,,DEFAULT,AT,EUR,1510,1778,
M21774,,DEFAULT,AT,CHF,1707,2012,
,421534,DEFAULT,AT,EUR,1510,1778,
,421534,DEFAULT,AT,CHF,1707,2012,
M21777,,DEFAULT,AT,EUR,1308,1537,
M21777,,DEFAULT,AT,CHF,1477,1738,
,421538,DEFAULT,AT,EUR,1308,1537,
,421538,DEFAULT,AT,CHF,1477,1738,
M21778,,DEFAULT,AT,EUR,1308,1537,
M21778,,DEFAULT,AT,CHF,1477,1738,
,421539,DEFAULT,AT,EUR,1308,1537,
,421539,DEFAULT,AT,CHF,1477,1738,
M21779,,DEFAULT,AT,EUR,2694,3186,
M21779,,DEFAULT,AT,CHF,3057,3618,
,421540,DEFAULT,AT,EUR,2694,3186,
,421540,DEFAULT,AT,CHF,3057,3618,
M21903,,DEFAULT,AT,EUR,1008,1180,
M21903,,DEFAULT,AT,CHF,1135,1331,
,421768,DEFAULT,AT,EUR,1008,1180,
,421768,DEFAULT,AT,CHF,1135,1331,
M22230,,DEFAULT,AT,EUR,981,1149,
M22230,,DEFAULT,AT,CHF,1104,1295,
,422524,DEFAULT,AT,EUR,981,1149,
,422524,DEFAULT,AT,CHF,1104,1295,
M22232,,DEFAULT,AT,EUR,751,875,
M22232,,DEFAULT,AT,CHF,842,983,
,422528,DEFAULT,AT,EUR,751,875,
,422528,DEFAULT,AT,CHF,842,983,
M22269,,DEFAULT,AT,EUR,849,991,
M22269,,DEFAULT,AT,CHF,953,1115,
,422573,DEFAULT,AT,EUR,849,991,
,422573,DEFAULT,AT,CHF,953,1115,
M22397,,DEFAULT,AT,EUR,416,476,
M22397,,DEFAULT,AT,CHF,460,528,
,422721,DEFAULT,AT,EUR,416,476,
,422721,DEFAULT,AT,CHF,460,528,
M22398,,DEFAULT,AT,EUR,140,148,
M22398,,DEFAULT,AT,CHF,145,154,
,422722,DEFAULT,AT,EUR,140,148,
,422722,DEFAULT,AT,CHF,145,154,
M22410,,DEFAULT,AT,EUR,717,834,
M22410,,DEFAULT,AT,CHF,803,936,
,422741,DEFAULT,AT,EUR,717,834,
,422741,DEFAULT,AT,CHF,803,936,
M22411,,DEFAULT,AT,EUR,717,834,
M22411,,DEFAULT,AT,CHF,803,936,
,422743,DEFAULT,AT,EUR,717,834,
,422743,DEFAULT,AT,CHF,803,936,
M22412,,DEFAULT,AT,EUR,1158,1359,
M22412,,DEFAULT,AT,CHF,1306,1535,
,422745,DEFAULT,AT,EUR,1158,1359,
,422745,DEFAULT,AT,CHF,1306,1535,
M22432,,DEFAULT,AT,EUR,584,676,
M22432,,DEFAULT,AT,CHF,651,756,
,422780,DEFAULT,AT,EUR,584,676,
,422780,DEFAULT,AT,CHF,651,756,
M22484,,DEFAULT,AT,EUR,175,190,
M22484,,DEFAULT,AT,CHF,185,202,
,422855,DEFAULT,AT,EUR,175,190,
,422855,DEFAULT,AT,CHF,185,202,
M22613,,DEFAULT,AT,EUR,275,308,
M22613,,DEFAULT,AT,CHF,299,337,
,423105,DEFAULT,AT,EUR,275,308,
,423105,DEFAULT,AT,CHF,299,337,
M22660,,DEFAULT,AT,EUR,187,203,
M22660,,DEFAULT,AT,CHF,199,217,
M22660,,ORIGINAL,AT,EUR,196,214,
M22660,,ORIGINAL,AT,CHF,210,230,
,423172,DEFAULT,AT,EUR,187,203,
,423172,DEFAULT,AT,CHF,199,217,
,423172,ORIGINAL,AT,EUR,196,214,
,423172,ORIGINAL,AT,CHF,210,230,
M22661,,DEFAULT,AT,EUR,187,203,
M22661,,DEFAULT,AT,CHF,199,217,
,423173,DEFAULT,AT,EUR,187,203,
,423173,DEFAULT,AT,CHF,199,217,
M22662,,DEFAULT,AT,EUR,187,203,
M22662,,DEFAULT,AT,CHF,199,217,
,423174,DEFAULT,AT,EUR,187,203,
,423174,DEFAULT,AT,CHF,199,217,
M22663,,DEFAULT,AT,EUR,187,203,
M22663,,DEFAULT,AT,CHF,199,217,
M22663,,ORIGINAL,AT,EUR,196,214,
M22663,,ORIGINAL,AT,CHF,210,230,
,423175,DEFAULT,AT,EUR,187,203,
,423175,DEFAULT,AT,CHF,199,217,
,423175,ORIGINAL,AT,EUR,196,214,
,423175,ORIGINAL,AT,CHF,210,230,
M22664,,DEFAULT,AT,EUR,183,199,
M22664,,DEFAULT,AT,CHF,194,212,
,423178,DEFAULT,AT,EUR,183,199,
,423178,DEFAULT,AT,CHF,194,212,
M22682,,DEFAULT,AT,EUR,4711,5587,
M22682,,DEFAULT,AT,CHF,5356,6355,
,423237,DEFAULT,AT,EUR,4711,5587,
,423237,DEFAULT,AT,CHF,5356,6355,
M22293,,DEFAULT,AT,EUR,251,280,
M22293,,DEFAULT,AT,CHF,272,305,
,423383,DEFAULT,AT,EUR,251,280,
,423383,DEFAULT,AT,CHF,272,305,
M22796,,DEFAULT,AT,EUR,192,210,
M22796,,DEFAULT,AT,CHF,204,225,
M22796,,ORIGINAL,AT,EUR,202,222,
M22796,,ORIGINAL,AT,CHF,215,238,
,423452,DEFAULT,AT,EUR,192,210,
,423452,DEFAULT,AT,CHF,204,225,
,423452,ORIGINAL,AT,EUR,202,222,
,423452,ORIGINAL,AT,CHF,215,238,
M22797,,DEFAULT,AT,EUR,187,204,
M22797,,DEFAULT,AT,CHF,199,218,
,423456,DEFAULT,AT,EUR,187,204,
,423456,DEFAULT,AT,CHF,199,218,
M23067,,DEFAULT,AT,EUR,3480,4122,
M23067,,DEFAULT,AT,CHF,3953,4685,
,423909,DEFAULT,AT,EUR,3480,4122,
,423909,DEFAULT,AT,CHF,3953,4685,
M23340,,DEFAULT,AT,EUR,839,980,
M23340,,DEFAULT,AT,CHF,942,1103,
,424265,DEFAULT,AT,EUR,839,980,
,424265,DEFAULT,AT,CHF,942,1103,
M23343,,DEFAULT,AT,EUR,1190,1397,
M23343,,DEFAULT,AT,CHF,1342,1578,
,424270,DEFAULT,AT,EUR,1190,1397,
,424270,DEFAULT,AT,CHF,1342,1578,
M23345,,DEFAULT,AT,EUR,593,686,
M23345,,DEFAULT,AT,CHF,662,768,
,424273,DEFAULT,AT,EUR,593,686,
,424273,DEFAULT,AT,CHF,662,768,
M23432,,DEFAULT,AT,EUR,155,166,
M23432,,DEFAULT,AT,CHF,162,175,
,424372,DEFAULT,AT,EUR,155,166,
,424372,DEFAULT,AT,CHF,162,175,
M23436,,DEFAULT,AT,EUR,221,244,
M23436,,DEFAULT,AT,CHF,237,264,
,424384,DEFAULT,AT,EUR,221,244,
,424384,DEFAULT,AT,CHF,237,264,
M23438,,DEFAULT,AT,EUR,240,267,
M23438,,DEFAULT,AT,CHF,259,290,
,424390,DEFAULT,AT,EUR,240,267,
,424390,DEFAULT,AT,CHF,259,290,
M23440,,DEFAULT,AT,EUR,240,267,
M23440,,DEFAULT,AT,CHF,259,290,
,424397,DEFAULT,AT,EUR,240,267,
,424397,DEFAULT,AT,CHF,259,290,
M23441,,DEFAULT,AT,EUR,240,267,
M23441,,DEFAULT,AT,CHF,259,290,
,424400,DEFAULT,AT,EUR,240,267,
,424400,DEFAULT,AT,CHF,259,290,
M23444,,DEFAULT,AT,EUR,279,313,
M23444,,DEFAULT,AT,CHF,304,342,
,424409,DEFAULT,AT,EUR,279,313,
,424409,DEFAULT,AT,CHF,304,342,
M23450,,DEFAULT,AT,EUR,232,257,
M23450,,DEFAULT,AT,CHF,250,278,
,424430,DEFAULT,AT,EUR,232,257,
,424430,DEFAULT,AT,CHF,250,278,
M23451,,DEFAULT,AT,EUR,232,257,
M23451,,DEFAULT,AT,CHF,250,278,
,424431,DEFAULT,AT,EUR,232,257,
,424431,DEFAULT,AT,CHF,250,278,
M23454,,DEFAULT,AT,EUR,250,279,
M23454,,DEFAULT,AT,CHF,270,304,
,424442,DEFAULT,AT,EUR,250,279,
,424442,DEFAULT,AT,CHF,270,304,
M23455,,DEFAULT,AT,EUR,250,279,
M23455,,DEFAULT,AT,CHF,270,304,
,424447,DEFAULT,AT,EUR,250,279,
,424447,DEFAULT,AT,CHF,270,304,
M23456,,DEFAULT,AT,EUR,373,426,
M23456,,DEFAULT,AT,CHF,411,471,
,424449,DEFAULT,AT,EUR,373,426,
,424449,DEFAULT,AT,CHF,411,471,
M23457,,DEFAULT,AT,EUR,345,392,
M23457,,DEFAULT,AT,CHF,379,432,
,424453,DEFAULT,AT,EUR,345,392,
,424453,DEFAULT,AT,CHF,379,432,
M23459,,DEFAULT,AT,EUR,792,924,
M23459,,DEFAULT,AT,CHF,888,1039,
,424463,DEFAULT,AT,EUR,792,924,
,424463,DEFAULT,AT,CHF,888,1039,
M23460,,DEFAULT,AT,EUR,431,494,
M23460,,DEFAULT,AT,CHF,477,549,
,424464,DEFAULT,AT,EUR,431,494,
,424464,DEFAULT,AT,CHF,477,549,
M23461,,DEFAULT,AT,EUR,279,313,
M23461,,DEFAULT,AT,CHF,304,342,
,424466,DEFAULT,AT,EUR,279,313,
,424466,DEFAULT,AT,CHF,304,342,
M23462,,DEFAULT,AT,EUR,254,283,
M23462,,DEFAULT,AT,CHF,275,308,
,424472,DEFAULT,AT,EUR,254,283,
,424472,DEFAULT,AT,CHF,275,308,
M23463,,DEFAULT,AT,EUR,254,283,
M23463,,DEFAULT,AT,CHF,275,308,
,424475,DEFAULT,AT,EUR,254,283,
,424475,DEFAULT,AT,CHF,275,308,
M23467,,DEFAULT,AT,EUR,373,426,
M23467,,DEFAULT,AT,CHF,411,471,
,424493,DEFAULT,AT,EUR,373,426,
,424493,DEFAULT,AT,CHF,411,471,
M23468,,DEFAULT,AT,EUR,383,437,
M23468,,DEFAULT,AT,CHF,422,484,
,424496,DEFAULT,AT,EUR,383,437,
,424496,DEFAULT,AT,CHF,422,484,
M23469,,DEFAULT,AT,EUR,469,540,
M23469,,DEFAULT,AT,CHF,520,601,
,424503,DEFAULT,AT,EUR,469,540,
,424503,DEFAULT,AT,CHF,520,601,
M23470,,DEFAULT,AT,EUR,403,460,
M23470,,DEFAULT,AT,CHF,445,510,
,424506,DEFAULT,AT,EUR,403,460,
,424506,DEFAULT,AT,CHF,445,510,
M23471,,DEFAULT,AT,EUR,336,381,
M23471,,DEFAULT,AT,CHF,369,420,
,424510,DEFAULT,AT,EUR,336,381,
,424510,DEFAULT,AT,CHF,369,420,
M23472,,DEFAULT,AT,EUR,498,573,
M23472,,DEFAULT,AT,CHF,553,639,
,424513,DEFAULT,AT,EUR,498,573,
,424513,DEFAULT,AT,CHF,553,639,
M23473,,DEFAULT,AT,EUR,298,336,
M23473,,DEFAULT,AT,CHF,325,369,
,424516,DEFAULT,AT,EUR,298,336,
,424516,DEFAULT,AT,CHF,325,369,
M23475,,DEFAULT,AT,EUR,478,550,
M23475,,DEFAULT,AT,CHF,530,613,
,424527,DEFAULT,AT,EUR,478,550,
,424527,DEFAULT,AT,CHF,530,613,
M23476,,DEFAULT,AT,EUR,478,550,
M23476,,DEFAULT,AT,CHF,530,613,
,424528,DEFAULT,AT,EUR,478,550,
,424528,DEFAULT,AT,CHF,530,613,
M23477,,DEFAULT,AT,EUR,478,550,
M23477,,DEFAULT,AT,CHF,530,613,
,424529,DEFAULT,AT,EUR,478,550,
,424529,DEFAULT,AT,CHF,530,613,
M23478,,DEFAULT,AT,EUR,478,550,
M23478,,DEFAULT,AT,CHF,530,613,
,424530,DEFAULT,AT,EUR,478,550,
,424530,DEFAULT,AT,CHF,530,613,
M23479,,DEFAULT,AT,EUR,697,811,
M23479,,DEFAULT,AT,CHF,780,910,
,424531,DEFAULT,AT,EUR,697,811,
,424531,DEFAULT,AT,CHF,780,910,
M23482,,DEFAULT,AT,EUR,288,324,
M23482,,DEFAULT,AT,CHF,314,355,
,424542,DEFAULT,AT,EUR,288,324,
,424542,DEFAULT,AT,CHF,314,355,
M23484,,DEFAULT,AT,EUR,336,381,
M23484,,DEFAULT,AT,CHF,369,420,
,424546,DEFAULT,AT,EUR,336,381,
,424546,DEFAULT,AT,CHF,369,420,
M23486,,DEFAULT,AT,EUR,373,426,
M23486,,DEFAULT,AT,CHF,411,471,
,424549,DEFAULT,AT,EUR,373,426,
,424549,DEFAULT,AT,CHF,411,471,
M23487,,DEFAULT,AT,EUR,373,426,
M23487,,DEFAULT,AT,CHF,411,471,
,424550,DEFAULT,AT,EUR,373,426,
,424550,DEFAULT,AT,CHF,411,471,
M23488,,DEFAULT,AT,EUR,383,437,
M23488,,DEFAULT,AT,CHF,422,484,
,424551,DEFAULT,AT,EUR,383,437,
,424551,DEFAULT,AT,CHF,422,484,
M23510,,DEFAULT,AT,EUR,782,912,
M23510,,DEFAULT,AT,CHF,877,1025,
,424599,DEFAULT,AT,EUR,782,912,
,424599,DEFAULT,AT,CHF,877,1025,
M23512,,DEFAULT,AT,EUR,184,200,
M23512,,DEFAULT,AT,CHF,195,213,
,424605,DEFAULT,AT,EUR,184,200,
,424605,DEFAULT,AT,CHF,195,213,
M23513,,DEFAULT,AT,EUR,190,207,
M23513,,DEFAULT,AT,CHF,202,221,
,424606,DEFAULT,AT,EUR,190,207,
,424606,DEFAULT,AT,CHF,202,221,
M23720,,DEFAULT,AT,EUR,1390,1635,
M23720,,DEFAULT,AT,CHF,1570,1849,
,425073,DEFAULT,AT,EUR,1390,1635,
,425073,DEFAULT,AT,CHF,1570,1849,
M23721,,DEFAULT,AT,EUR,1884,2223,
M23721,,DEFAULT,AT,CHF,2133,2520,
,425074,DEFAULT,AT,EUR,1884,2223,
,425074,DEFAULT,AT,CHF,2133,2520,
M23722,,DEFAULT,AT,EUR,4680,5551,
M23722,,DEFAULT,AT,CHF,5321,6314,
,425075,DEFAULT,AT,EUR,4680,5551,
,425075,DEFAULT,AT,CHF,5321,6314,
M23724,,DEFAULT,AT,EUR,906,1059,
M23724,,DEFAULT,AT,CHF,1018,1193,
,425078,DEFAULT,AT,EUR,906,1059,
,425078,DEFAULT,AT,CHF,1018,1193,
M23723,,DEFAULT,AT,EUR,687,799,
M23723,,DEFAULT,AT,CHF,769,896,
,425079,DEFAULT,AT,EUR,687,799,
,425079,DEFAULT,AT,CHF,769,896,
M23725,,DEFAULT,AT,EUR,1599,1884,
M23725,,DEFAULT,AT,CHF,1808,2133,
,425082,DEFAULT,AT,EUR,1599,1884,
,425082,DEFAULT,AT,CHF,1808,2133,
M23726,,DEFAULT,AT,EUR,1734,2044,
M23726,,DEFAULT,AT,CHF,1962,2316,
,425083,DEFAULT,AT,EUR,1734,2044,
,425083,DEFAULT,AT,CHF,1962,2316,
M23727,,DEFAULT,AT,EUR,2349,2777,
M23727,,DEFAULT,AT,CHF,2663,3151,
,425084,DEFAULT,AT,EUR,2349,2777,
,425084,DEFAULT,AT,CHF,2663,3151,
M26415,,DEFAULT,AT,EUR,3004,3556,
M26415,,DEFAULT,AT,CHF,3410,4039,
,425086,DEFAULT,AT,EUR,3004,3556,
,425086,DEFAULT,AT,CHF,3410,4039,
M23729,,DEFAULT,AT,EUR,2264,2675,
M23729,,DEFAULT,AT,CHF,2566,3035,
,425087,DEFAULT,AT,EUR,2264,2675,
,425087,DEFAULT,AT,CHF,2566,3035,
M23730,,DEFAULT,AT,EUR,498,573,
M23730,,DEFAULT,AT,CHF,553,639,
,425088,DEFAULT,AT,EUR,498,573,
,425088,DEFAULT,AT,CHF,553,639,
M23731,,DEFAULT,AT,EUR,554,640,
M23731,,DEFAULT,AT,CHF,617,715,
,425090,DEFAULT,AT,EUR,554,640,
,425090,DEFAULT,AT,CHF,617,715,
M23732,,DEFAULT,AT,EUR,782,912,
M23732,,DEFAULT,AT,CHF,877,1025,
,425093,DEFAULT,AT,EUR,782,912,
,425093,DEFAULT,AT,CHF,877,1025,
M26416,,DEFAULT,AT,EUR,3716,4404,
M26416,,DEFAULT,AT,CHF,4222,5006,
,425096,DEFAULT,AT,EUR,3716,4404,
,425096,DEFAULT,AT,CHF,4222,5006,
M26417,,DEFAULT,AT,EUR,1476,1737,
M26417,,DEFAULT,AT,CHF,1668,1966,
,425097,DEFAULT,AT,EUR,1476,1737,
,425097,DEFAULT,AT,CHF,1668,1966,
M26418,,DEFAULT,AT,EUR,1779,2098,
M26418,,DEFAULT,AT,CHF,2014,2377,
,425098,DEFAULT,AT,EUR,1779,2098,
,425098,DEFAULT,AT,CHF,2014,2377,
M26419,,DEFAULT,AT,EUR,2359,2788,
M26419,,DEFAULT,AT,CHF,2675,3164,
,425099,DEFAULT,AT,EUR,2359,2788,
,425099,DEFAULT,AT,CHF,2675,3164,
M26420,,DEFAULT,AT,EUR,2454,2901,
M26420,,DEFAULT,AT,CHF,2783,3293,
,425100,DEFAULT,AT,EUR,2454,2901,
,425100,DEFAULT,AT,CHF,2783,3293,
M23751,,DEFAULT,AT,EUR,2872,3399,
M23751,,DEFAULT,AT,CHF,3260,3860,
,425123,DEFAULT,AT,EUR,2872,3399,
,425123,DEFAULT,AT,CHF,3260,3860,
M23766,,DEFAULT,AT,EUR,1048,1229,
M23766,,DEFAULT,AT,CHF,1180,1387,
,425140,DEFAULT,AT,EUR,1048,1229,
,425140,DEFAULT,AT,CHF,1180,1387,
M23770,,DEFAULT,AT,EUR,1808,2133,
M23770,,DEFAULT,AT,CHF,2047,2417,
,425149,DEFAULT,AT,EUR,1808,2133,
,425149,DEFAULT,AT,CHF,2047,2417,
M23764,,DEFAULT,AT,EUR,1903,2246,
M23764,,DEFAULT,AT,CHF,2155,2546,
,425150,DEFAULT,AT,EUR,1903,2246,
,425150,DEFAULT,AT,CHF,2155,2546,
M23771,,DEFAULT,AT,EUR,2663,3150,
M23771,,DEFAULT,AT,CHF,3021,3576,
,425152,DEFAULT,AT,EUR,2663,3150,
,425152,DEFAULT,AT,CHF,3021,3576,
M23777,,DEFAULT,AT,EUR,1253,1472,
M23777,,DEFAULT,AT,CHF,1414,1664,
,425159,DEFAULT,AT,EUR,1253,1472,
,425159,DEFAULT,AT,CHF,1414,1664,
M24143,,DEFAULT,AT,EUR,640,742,
M24143,,DEFAULT,AT,CHF,715,831,
,425751,DEFAULT,AT,EUR,640,742,
,425751,DEFAULT,AT,CHF,715,831,
M24416,,DEFAULT,AT,EUR,6271,7444,
M24416,,DEFAULT,AT,CHF,7134,8472,
,426376,DEFAULT,AT,EUR,6271,7444,
,426376,DEFAULT,AT,CHF,7134,8472,
M24417,,DEFAULT,AT,EUR,11401,13548,
M24417,,DEFAULT,AT,CHF,12983,15430,
,426377,DEFAULT,AT,EUR,11401,13548,
,426377,DEFAULT,AT,CHF,12983,15430,
M24418,,DEFAULT,AT,EUR,16149,19199,
M24418,,DEFAULT,AT,CHF,18395,21872,
M24418,,ORIGINAL,AT,EUR,17932,21321,
M24418,,ORIGINAL,AT,CHF,20427,24291,
,426378,DEFAULT,AT,EUR,16149,19199,
,426378,DEFAULT,AT,CHF,18395,21872,
,426378,ORIGINAL,AT,EUR,17932,21321,
,426378,ORIGINAL,AT,CHF,20427,24291,
M24563,,DEFAULT,AT,EUR,1643,1936,
M24563,,DEFAULT,AT,CHF,1859,2193,
,426531,DEFAULT,AT,EUR,1643,1936,
,426531,DEFAULT,AT,CHF,1859,2193,
M24605,,DEFAULT,AT,EUR,3626,4296,
M24605,,DEFAULT,AT,CHF,4119,4883,
M24605,,ORIGINAL,AT,EUR,4017,4762,
M24605,,ORIGINAL,AT,CHF,4565,5414,
,426581,DEFAULT,AT,EUR,3626,4296,
,426581,DEFAULT,AT,CHF,4119,4883,
,426581,ORIGINAL,AT,EUR,4017,4762,
,426581,ORIGINAL,AT,CHF,4565,5414,
M24606,,DEFAULT,AT,EUR,788,919,
M24606,,DEFAULT,AT,CHF,884,1033,
,426582,DEFAULT,AT,EUR,788,919,
,426582,DEFAULT,AT,CHF,884,1033,
M24609,,DEFAULT,AT,EUR,7074,8399,
M24609,,DEFAULT,AT,CHF,8050,9560,
,426587,DEFAULT,AT,EUR,7074,8399,
,426587,DEFAULT,AT,CHF,8050,9560,
M24610,,DEFAULT,AT,EUR,2562,3030,
M24610,,DEFAULT,AT,CHF,2906,3440,
,426588,DEFAULT,AT,EUR,2562,3030,
,426588,DEFAULT,AT,CHF,2906,3440,
M24612,,DEFAULT,AT,EUR,1457,1715,
M24612,,DEFAULT,AT,CHF,1646,1941,
,426590,DEFAULT,AT,EUR,1457,1715,
,426590,DEFAULT,AT,CHF,1646,1941,
M24613,,DEFAULT,AT,EUR,878,1025,
M24613,,DEFAULT,AT,CHF,986,1154,
,426591,DEFAULT,AT,EUR,878,1025,
,426591,DEFAULT,AT,CHF,986,1154,
M24632,,DEFAULT,AT,EUR,10055,11946,
M24632,,DEFAULT,AT,CHF,11448,13604,
,426615,DEFAULT,AT,EUR,10055,11946,
,426615,DEFAULT,AT,CHF,11448,13604,
M24637,,DEFAULT,AT,EUR,1104,1295,
M24637,,DEFAULT,AT,CHF,1244,1462,
,426620,DEFAULT,AT,EUR,1104,1295,
,426620,DEFAULT,AT,CHF,1244,1462,
M25598,,DEFAULT,AT,EUR,1213,1424,
M25598,,DEFAULT,AT,CHF,1368,1609,
,427913,DEFAULT,AT,EUR,1213,1424,
,427913,DEFAULT,AT,CHF,1368,1609,
M25599,,DEFAULT,AT,EUR,2156,2547,
M25599,,DEFAULT,AT,CHF,2443,2889,
,427914,DEFAULT,AT,EUR,2156,2547,
,427914,DEFAULT,AT,CHF,2443,2889,
M25600,,DEFAULT,AT,EUR,1587,1870,
M25600,,DEFAULT,AT,CHF,1795,2117,
,427915,DEFAULT,AT,EUR,1587,1870,
,427915,DEFAULT,AT,CHF,1795,2117,
M1002203,,DEFAULT,AT,EUR,16264,19335,
M1002203,,DEFAULT,AT,CHF,18526,22027,
,463981,DEFAULT,AT,EUR,16264,19335,
,463981,DEFAULT,AT,CHF,18526,22027,
M1014629,,DEFAULT,AT,EUR,34222,40705,
M1014629,,DEFAULT,AT,CHF,38999,46389,
,463994,DEFAULT,AT,EUR,34222,40705,
,463994,DEFAULT,AT,CHF,38999,46389,
M1024601,,DEFAULT,AT,EUR,39252,46691,
M1024601,,DEFAULT,AT,CHF,44733,53213,
,464000,DEFAULT,AT,EUR,39252,46691,
,464000,DEFAULT,AT,CHF,44733,53213,
M1015356,,DEFAULT,AT,EUR,39252,46691,
M1015356,,DEFAULT,AT,CHF,44733,53213,
,464001,DEFAULT,AT,EUR,39252,46691,
,464001,DEFAULT,AT,CHF,44733,53213,
M1015355,,DEFAULT,AT,EUR,39252,46691,
M1015355,,DEFAULT,AT,CHF,44733,53213,
,464002,DEFAULT,AT,EUR,39252,46691,
,464002,DEFAULT,AT,CHF,44733,53213,
M1014645,,DEFAULT,AT,EUR,70454,83821,
M1014645,,DEFAULT,AT,CHF,80303,95541,
,464003,DEFAULT,AT,EUR,70454,83821,
,464003,DEFAULT,AT,CHF,80303,95541,
M1014646,,DEFAULT,AT,EUR,185789,221070,
M1014646,,DEFAULT,AT,CHF,211785,252005,
,464004,DEFAULT,AT,EUR,185789,221070,
,464004,DEFAULT,AT,CHF,211785,252005,
M1014653,,DEFAULT,AT,EUR,59483,70766,
M1014653,,DEFAULT,AT,CHF,67796,80659,
,464005,DEFAULT,AT,EUR,59483,70766,
,464005,DEFAULT,AT,CHF,67796,80659,
M1014656,,DEFAULT,AT,EUR,48800,58100,
M1014656,,DEFAULT,AT,CHF,55618,66220,
,464007,DEFAULT,AT,EUR,48800,58100,
,464007,DEFAULT,AT,CHF,55618,66220,
M1014642,,DEFAULT,AT,EUR,49317,58669,
M1014642,,DEFAULT,AT,CHF,56207,66868,
,464012,DEFAULT,AT,EUR,49317,58669,
,464012,DEFAULT,AT,CHF,56207,66868,
M1014643,,DEFAULT,AT,EUR,55356,65855,
M1014643,,DEFAULT,AT,CHF,63091,75060,
,464013,DEFAULT,AT,EUR,55356,65855,
,464013,DEFAULT,AT,CHF,63091,75060,
M1014644,,DEFAULT,AT,EUR,63408,75437,
M1014644,,DEFAULT,AT,CHF,72271,85984,
,464014,DEFAULT,AT,EUR,63408,75437,
,464014,DEFAULT,AT,CHF,72271,85984,
M88181,,DEFAULT,AT,EUR,216497,257613,
M88181,,DEFAULT,AT,CHF,246792,293664,
,490001,DEFAULT,AT,EUR,216497,257613,
,490001,DEFAULT,AT,CHF,246792,293664,
M88182,,DEFAULT,AT,EUR,246692,293545,
M88182,,DEFAULT,AT,CHF,281214,334627,
,490002,DEFAULT,AT,EUR,246692,293545,
,490002,DEFAULT,AT,CHF,281214,334627,
M857,,DEFAULT,AT,EUR,25516,30345,
M857,,DEFAULT,AT,CHF,29074,34579,
,500344,DEFAULT,AT,EUR,25516,30345,
,500344,DEFAULT,AT,CHF,29074,34579,
M75730,,DEFAULT,AT,EUR,20447,24313,
M75730,,DEFAULT,AT,CHF,23295,27702,
,500380,DEFAULT,AT,EUR,20447,24313,
,500380,DEFAULT,AT,CHF,23295,27702,
M852,,DEFAULT,AT,EUR,34282,40777,
M852,,DEFAULT,AT,CHF,39067,46471,
,500487,DEFAULT,AT,EUR,34282,40777,
,500487,DEFAULT,AT,CHF,39067,46471,
M58335,,DEFAULT,AT,EUR,34067,40521,
M58335,,DEFAULT,AT,CHF,38822,46179,
,500942,DEFAULT,AT,EUR,34067,40521,
,500942,DEFAULT,AT,CHF,38822,46179,
M58336,,DEFAULT,AT,EUR,56279,66953,
M58336,,DEFAULT,AT,CHF,64144,76312,
,500946,DEFAULT,AT,EUR,56279,66953,
,500946,DEFAULT,AT,CHF,64144,76312,
M58315,,DEFAULT,AT,EUR,29187,34714,
M58315,,DEFAULT,AT,CHF,33259,39559,
,501000,DEFAULT,AT,EUR,29187,34714,
,501000,DEFAULT,AT,CHF,33259,39559,
M62306,,DEFAULT,AT,EUR,7789,9251,
M62306,,DEFAULT,AT,CHF,8865,10532,
,501022,DEFAULT,AT,EUR,7789,9251,
,501022,DEFAULT,AT,CHF,8865,10532,
M62301,,DEFAULT,AT,EUR,5343,6340,
M62301,,DEFAULT,AT,CHF,6077,7213,
,501039,DEFAULT,AT,EUR,5343,6340,
,501039,DEFAULT,AT,CHF,6077,7213,
M62305,,DEFAULT,AT,EUR,6701,7955,
M62305,,DEFAULT,AT,CHF,7625,9054,
,501040,DEFAULT,AT,EUR,6701,7955,
,501040,DEFAULT,AT,CHF,7625,9054,
M68854,,DEFAULT,AT,EUR,62201,74000,
M68854,,DEFAULT,AT,CHF,70895,84346,
,501517,DEFAULT,AT,EUR,62201,74000,
,501517,DEFAULT,AT,CHF,70895,84346,
M68726,,DEFAULT,AT,EUR,21739,25851,
M68726,,DEFAULT,AT,CHF,24768,29456,
,502173,DEFAULT,AT,EUR,21739,25851,
,502173,DEFAULT,AT,CHF,24768,29456,
M68727,,DEFAULT,AT,EUR,23148,27528,
M68727,,DEFAULT,AT,CHF,26374,31367,
,502178,DEFAULT,AT,EUR,23148,27528,
,502178,DEFAULT,AT,CHF,26374,31367,
M1896,,DEFAULT,AT,EUR,56848,67631,
M1896,,DEFAULT,AT,CHF,64792,77085,
,506670,DEFAULT,AT,EUR,56848,67631,
,506670,DEFAULT,AT,CHF,64792,77085,
M858,,DEFAULT,AT,EUR,42567,50636,
M858,,DEFAULT,AT,CHF,48512,57711,
,506719,DEFAULT,AT,EUR,42567,50636,
,506719,DEFAULT,AT,CHF,48512,57711,
M859,,DEFAULT,AT,EUR,47276,56240,
M859,,DEFAULT,AT,CHF,53880,64099,
,507871,DEFAULT,AT,EUR,47276,56240,
,507871,DEFAULT,AT,CHF,53880,64099,
M75686,,DEFAULT,AT,EUR,47035,55952,
M75686,,DEFAULT,AT,CHF,53605,63771,
,507920,DEFAULT,AT,EUR,47035,55952,
,507920,DEFAULT,AT,CHF,53605,63771,
M856,,DEFAULT,AT,EUR,24432,29055,
M856,,DEFAULT,AT,CHF,27838,33108,
,508165,DEFAULT,AT,EUR,24432,29055,
,508165,DEFAULT,AT,CHF,27838,33108,
M43347,,DEFAULT,AT,EUR,18288,21743,
M43347,,DEFAULT,AT,CHF,20834,24773,
,508321,DEFAULT,AT,EUR,18288,21743,
,508321,DEFAULT,AT,CHF,20834,24773,
M75727,,DEFAULT,AT,EUR,57978,68975,
M75727,,DEFAULT,AT,CHF,66080,78617,
,508328,DEFAULT,AT,EUR,57978,68975,
,508328,DEFAULT,AT,CHF,66080,78617,
M75700,,DEFAULT,AT,EUR,27925,33211,
M75700,,DEFAULT,AT,CHF,31820,37846,
,508330,DEFAULT,AT,EUR,27925,33211,
,508330,DEFAULT,AT,CHF,31820,37846,
M75685,,DEFAULT,AT,EUR,47777,56836,
M75685,,DEFAULT,AT,CHF,54451,64779,
,508378,DEFAULT,AT,EUR,47777,56836,
,508378,DEFAULT,AT,CHF,54451,64779,
M55895,,DEFAULT,AT,EUR,40259,47889,
M55895,,DEFAULT,AT,CHF,45881,54579,
,509070,DEFAULT,AT,EUR,40259,47889,
,509070,DEFAULT,AT,CHF,45881,54579,
M1014874,,DEFAULT,AT,EUR,19122,22737,
M1014874,,DEFAULT,AT,CHF,21785,25906,
,512067,DEFAULT,AT,EUR,19122,22737,
,512067,DEFAULT,AT,CHF,21785,25906,
M1014866,,DEFAULT,AT,EUR,20129,23934,
M1014866,,DEFAULT,AT,CHF,22933,27270,
,512081,DEFAULT,AT,EUR,20129,23934,
,512081,DEFAULT,AT,CHF,22933,27270,
M1014871,,DEFAULT,AT,EUR,20129,23934,
M1014871,,DEFAULT,AT,CHF,22933,27270,
,512086,DEFAULT,AT,EUR,20129,23934,
,512086,DEFAULT,AT,CHF,22933,27270,
M1014870,,DEFAULT,AT,EUR,20129,23934,
M1014870,,DEFAULT,AT,CHF,22933,27270,
,512094,DEFAULT,AT,EUR,20129,23934,
,512094,DEFAULT,AT,CHF,22933,27270,
M1013168,,DEFAULT,AT,EUR,7437,8831,
M1013168,,DEFAULT,AT,CHF,8464,10053,
,517598,DEFAULT,AT,EUR,7437,8831,
,517598,DEFAULT,AT,CHF,8464,10053,
M1013287,,DEFAULT,AT,EUR,12419,14760,
M1013287,,DEFAULT,AT,CHF,14143,16812,
,517630,DEFAULT,AT,EUR,12419,14760,
,517630,DEFAULT,AT,CHF,14143,16812,
M1013541,,DEFAULT,AT,EUR,15408,18317,
M1013541,,DEFAULT,AT,CHF,17551,20867,
,519762,DEFAULT,AT,EUR,15408,18317,
,519762,DEFAULT,AT,CHF,17551,20867,
M1016129,,DEFAULT,AT,EUR,31804,37828,
M1016129,,DEFAULT,AT,CHF,36242,43109,
,520561,DEFAULT,AT,EUR,31804,37828,
,520561,DEFAULT,AT,CHF,36242,43109,
M55936,,DEFAULT,AT,EUR,22423,26664,
M55936,,DEFAULT,AT,CHF,25548,30382,
,544183,DEFAULT,AT,EUR,22423,26664,
,544183,DEFAULT,AT,CHF,25548,30382,
M1028702,,DEFAULT,AT,EUR,70454,83821,
M1028702,,DEFAULT,AT,CHF,80303,95541,
,573330,DEFAULT,AT,EUR,70454,83821,
,573330,DEFAULT,AT,CHF,80303,95541,
M58227,,DEFAULT,AT,EUR,9917,11782,
M58227,,DEFAULT,AT,CHF,11291,13417,
,573872,DEFAULT,AT,EUR,9917,11782,
,573872,DEFAULT,AT,CHF,11291,13417,
M58228,,DEFAULT,AT,EUR,12806,15220,
M58228,,DEFAULT,AT,CHF,14584,17336,
,573874,DEFAULT,AT,EUR,12806,15220,
,573874,DEFAULT,AT,CHF,14584,17336,
M58230,,DEFAULT,AT,EUR,20451,24318,
M58230,,DEFAULT,AT,CHF,23300,27708,
,573878,DEFAULT,AT,EUR,20451,24318,
,573878,DEFAULT,AT,CHF,23300,27708,
M58312,,DEFAULT,AT,EUR,19389,23054,
M58312,,DEFAULT,AT,CHF,22089,26267,
,573880,DEFAULT,AT,EUR,19389,23054,
,573880,DEFAULT,AT,CHF,22089,26267,
M58313,,DEFAULT,AT,EUR,20279,24113,
M58313,,DEFAULT,AT,CHF,23104,27474,
,573882,DEFAULT,AT,EUR,20279,24113,
,573882,DEFAULT,AT,CHF,23104,27474,
M58314,,DEFAULT,AT,EUR,20579,24470,
M58314,,DEFAULT,AT,CHF,23446,27881,
,573884,DEFAULT,AT,EUR,20579,24470,
,573884,DEFAULT,AT,CHF,23446,27881,
M54107,,DEFAULT,AT,EUR,30070,35765,
M54107,,DEFAULT,AT,CHF,34265,40758,
,573887,DEFAULT,AT,EUR,30070,35765,
,573887,DEFAULT,AT,CHF,34265,40758,
M54110,,DEFAULT,AT,EUR,56760,67526,
M54110,,DEFAULT,AT,CHF,64692,76965,
,573888,DEFAULT,AT,EUR,56760,67526,
,573888,DEFAULT,AT,CHF,64692,76965,
M54111,,DEFAULT,AT,EUR,55042,65481,
M54111,,DEFAULT,AT,CHF,62733,74634,
,573889,DEFAULT,AT,EUR,55042,65481,
,573889,DEFAULT,AT,CHF,62733,74634,
M54113,,DEFAULT,AT,EUR,100649,119753,
M54113,,DEFAULT,AT,CHF,114725,136504,
,573890,DEFAULT,AT,EUR,100649,119753,
,573890,DEFAULT,AT,CHF,114725,136504,
M55937,,DEFAULT,AT,EUR,40259,47889,
M55937,,DEFAULT,AT,CHF,45881,54579,
,573906,DEFAULT,AT,EUR,40259,47889,
,573906,DEFAULT,AT,CHF,45881,54579,
M1018211,,DEFAULT,AT,EUR,36334,43218,
M1018211,,DEFAULT,AT,CHF,41406,49254,
,573939,DEFAULT,AT,EUR,36334,43218,
,573939,DEFAULT,AT,CHF,41406,49254,
M635,,DEFAULT,AT,EUR,105279,125263,
M635,,DEFAULT,AT,CHF,120004,142785,
,574598,DEFAULT,AT,EUR,105279,125263,
,574598,DEFAULT,AT,CHF,120004,142785,
M1014496,,DEFAULT,AT,EUR,120376,143229,
M1014496,,DEFAULT,AT,CHF,137214,163267,
,574599,DEFAULT,AT,EUR,120376,143229,
,574599,DEFAULT,AT,CHF,137214,163267,
M636,,DEFAULT,AT,EUR,153591,182754,
M636,,DEFAULT,AT,CHF,175079,208325,
,574601,DEFAULT,AT,EUR,153591,182754,
,574601,DEFAULT,AT,CHF,175079,208325,
M74966,,DEFAULT,AT,EUR,153591,182754,
M74966,,DEFAULT,AT,CHF,175079,208325,
,574602,DEFAULT,AT,EUR,153591,182754,
,574602,DEFAULT,AT,CHF,175079,208325,
M1014502,,DEFAULT,AT,EUR,158623,188743,
M1014502,,DEFAULT,AT,CHF,180816,215153,
,574603,DEFAULT,AT,EUR,158623,188743,
,574603,DEFAULT,AT,CHF,180816,215153,
M1028095,,DEFAULT,AT,EUR,8443,10029,
M1028095,,DEFAULT,AT,CHF,9611,11419,
,574969,DEFAULT,AT,EUR,8443,10029,
,574969,DEFAULT,AT,CHF,9611,11419,
M49320,,DEFAULT,AT,EUR,73473,87414,
M49320,,DEFAULT,AT,CHF,83745,99637,
,574971,DEFAULT,AT,EUR,73473,87414,
,574971,DEFAULT,AT,CHF,83745,99637,
M78380,,DEFAULT,AT,EUR,76221,90685,
M78380,,DEFAULT,AT,CHF,86877,103366,
,574972,DEFAULT,AT,EUR,76221,90685,
,574972,DEFAULT,AT,CHF,86877,103366,
M90850,,DEFAULT,AT,EUR,100649,119753,
M90850,,DEFAULT,AT,CHF,114725,136504,
,574973,DEFAULT,AT,EUR,100649,119753,
,574973,DEFAULT,AT,CHF,114725,136504,
M1017945,,DEFAULT,AT,EUR,36233,43098,
M1017945,,DEFAULT,AT,CHF,41291,49117,
,574987,DEFAULT,AT,EUR,36233,43098,
,574987,DEFAULT,AT,CHF,41291,49117,
M1017905,,DEFAULT,AT,EUR,73161,87043,
M1017905,,DEFAULT,AT,CHF,83389,99215,
M1017905,,ORIGINAL,AT,EUR,81278,96703,
M1017905,,ORIGINAL,AT,CHF,92643,110227,
,574995,DEFAULT,AT,EUR,73161,87043,
,574995,DEFAULT,AT,CHF,83389,99215,
,574995,ORIGINAL,AT,EUR,81278,96703,
,574995,ORIGINAL,AT,CHF,92643,110227,
M72939,,DEFAULT,AT,EUR,53830,64039,
M72939,,DEFAULT,AT,CHF,61352,72990,
,575056,DEFAULT,AT,EUR,53830,64039,
,575056,DEFAULT,AT,CHF,61352,72990,
M72940,,DEFAULT,AT,EUR,58363,69433,
M72940,,DEFAULT,AT,CHF,66519,79139,
,575057,DEFAULT,AT,EUR,58363,69433,
,575057,DEFAULT,AT,CHF,66519,79139,
M72942,,DEFAULT,AT,EUR,64595,76849,
M72942,,DEFAULT,AT,CHF,73624,87593,
,575058,DEFAULT,AT,EUR,64595,76849,
,575058,DEFAULT,AT,CHF,73624,87593,
M72943,,DEFAULT,AT,EUR,66389,78984,
M72943,,DEFAULT,AT,CHF,75669,90027,
,575059,DEFAULT,AT,EUR,66389,78984,
,575059,DEFAULT,AT,CHF,75669,90027,
M72944,,DEFAULT,AT,EUR,69978,83255,
M72944,,DEFAULT,AT,CHF,79760,94896,
,575060,DEFAULT,AT,EUR,69978,83255,
,575060,DEFAULT,AT,CHF,79760,94896,
M72945,,DEFAULT,AT,EUR,73566,87525,
M72945,,DEFAULT,AT,CHF,83851,99764,
,575061,DEFAULT,AT,EUR,73566,87525,
,575061,DEFAULT,AT,CHF,83851,99764,
M1017902,,DEFAULT,AT,EUR,66295,78872,
M1017902,,DEFAULT,AT,CHF,75562,89900,
,575065,DEFAULT,AT,EUR,66295,78872,
,575065,DEFAULT,AT,CHF,75562,89900,
M1022632,,DEFAULT,AT,EUR,36031,42857,
M1022632,,DEFAULT,AT,CHF,41061,48842,
,575186,DEFAULT,AT,EUR,36031,42857,
,575186,DEFAULT,AT,CHF,41061,48842,
M1022643,,DEFAULT,AT,EUR,36031,42857,
M1022643,,DEFAULT,AT,CHF,41061,48842,
,575191,DEFAULT,AT,EUR,36031,42857,
,575191,DEFAULT,AT,CHF,41061,48842,
M1022640,,DEFAULT,AT,EUR,30648,36452,
M1022640,,DEFAULT,AT,CHF,34924,41541,
,575193,DEFAULT,AT,EUR,30648,36452,
,575193,DEFAULT,AT,CHF,34924,41541,
M1028061,,DEFAULT,AT,EUR,22338,26564,
M1028061,,DEFAULT,AT,CHF,25451,30268,
,575257,DEFAULT,AT,EUR,22338,26564,
,575257,DEFAULT,AT,CHF,25451,30268,
M1028062,,DEFAULT,AT,EUR,24274,28867,
M1028062,,DEFAULT,AT,CHF,27658,32894,
,575260,DEFAULT,AT,EUR,24274,28867,
,575260,DEFAULT,AT,CHF,27658,32894,
M1030133,,DEFAULT,AT,EUR,14736,17517,
M1030133,,DEFAULT,AT,CHF,16785,19955,
,575284,DEFAULT,AT,EUR,14736,17517,
,575284,DEFAULT,AT,CHF,16785,19955,
M29930,,DEFAULT,AT,EUR,934957,1112579,
M29930,,DEFAULT,AT,CHF,1065836,1268326,
,621613,DEFAULT,AT,EUR,934957,1112579,
,621613,DEFAULT,AT,CHF,1065836,1268326,
M29929,,DEFAULT,AT,EUR,840527,1000208,
M29929,,DEFAULT,AT,CHF,958186,1140223,
,621614,DEFAULT,AT,EUR,840527,1000208,
,621614,DEFAULT,AT,CHF,958186,1140223,
M29931,,DEFAULT,AT,EUR,774426,921547,
M29931,,DEFAULT,AT,CHF,882831,1050549,
,621618,DEFAULT,AT,EUR,774426,921547,
,621618,DEFAULT,AT,CHF,882831,1050549,
M1028483,,DEFAULT,AT,EUR,22368,26599,
M1028483,,DEFAULT,AT,CHF,25485,30308,
,632992,DEFAULT,AT,EUR,22368,26599,
,632992,DEFAULT,AT,CHF,25485,30308,
M21705,,DEFAULT,AT,EUR,1714,2020,
M21705,,DEFAULT,AT,CHF,1939,2288,
,655941,DEFAULT,AT,EUR,1714,2020,
,655941,DEFAULT,AT,CHF,1939,2288,
M83,,DEFAULT,AT,EUR,9882,11741,
M83,,DEFAULT,AT,CHF,11251,13370,
,657712,DEFAULT,AT,EUR,9882,11741,
,657712,DEFAULT,AT,CHF,11251,13370,
M84,,DEFAULT,AT,EUR,9882,11741,
M84,,DEFAULT,AT,CHF,11251,13370,
,657713,DEFAULT,AT,EUR,9882,11741,
,657713,DEFAULT,AT,CHF,11251,13370,
M85,,DEFAULT,AT,EUR,9882,11741,
M85,,DEFAULT,AT,CHF,11251,13370,
,657714,DEFAULT,AT,EUR,9882,11741,
,657714,DEFAULT,AT,CHF,11251,13370,
M86,,DEFAULT,AT,EUR,9882,11741,
M86,,DEFAULT,AT,CHF,11251,13370,
,657715,DEFAULT,AT,EUR,9882,11741,
,657715,DEFAULT,AT,CHF,11251,13370,
M87,,DEFAULT,AT,EUR,9882,11741,
M87,,DEFAULT,AT,CHF,11251,13370,
,657716,DEFAULT,AT,EUR,9882,11741,
,657716,DEFAULT,AT,CHF,11251,13370,
M111,,DEFAULT,AT,EUR,16152,19202,
M111,,DEFAULT,AT,CHF,18399,21876,
,673327,DEFAULT,AT,EUR,16152,19202,
,673327,DEFAULT,AT,CHF,18399,21876,
B0001,,DEFAULT,AT,EUR,104357,124123,
B0001,,DEFAULT,AT,CHF,118910,235817,
B0001,,ORIGINAL,AT,EUR,115899,137902,
B0001,,ORIGINAL,AT,CHF,132110,156344,
,000101,DEFAULT,AT,EUR,104357,124123,
,000101,DEFAULT,AT,CHF,118910,235817,
,000101,ORIGINAL,AT,EUR,115899,137902,
,000101,ORIGINAL,AT,CHF,132110,156344,
B0002,,DEFAULT,AT,EUR,29018,34513,
B0002,,DEFAULT,AT,CHF,33065,39330,
,000201,DEFAULT,AT,EUR,29018,34513,
,000201,DEFAULT,AT,CHF,33065,39330,
M12656,,DEFAULT,AT,EUR,20290,24126,
M12656,,DEFAULT,AT,CHF,23116,27489,
,107255,DEFAULT,AT,EUR,20290,24126,
,107255,DEFAULT,AT,CHF,23116,27489,
fish-1,,DEFAULT,AT,EUR,30052,37540,
potato-1,,DEFAULT,AT,EUR,900,1100,
cable-hdmi-1,,DEFAULT,AT,EUR,900,1100,
,cable-hdmi-1-1,DEFAULT,AT,EUR,1300,1600,
,cable-hdmi-1-2,DEFAULT,AT,EUR,500,600,
cable-vga-1,,DEFAULT,AT,EUR,900,1100,
,cable-vga-1-1,DEFAULT,AT,EUR,1300,1600,
,cable-vga-1-2,DEFAULT,AT,EUR,500,600,
