<?xml version="1.0"?>
<statemachine
    xmlns="spryker:oms-01"
    xmlns:xsi="http://www.w3.org/2001/XMLSchema-instance"
    xsi:schemaLocation="spryker:oms-01 http://static.spryker.com/oms-01.xsd">
    <!-- Used as example XML for OMS implementation -->

    <process name="DummyReturn">
        <states>
            <state name="waiting for return" display="oms.state.waiting-for-return"/>
            <state name="returned" display="oms.state.returned"/>
            <state name="return canceled" display="oms.state.return-canceled"/>
            <state name="shipped to customer" display="oms.state.shipped-to-customer"/>
        </states>

        <transitions>
            <transition>
                <source>shipped</source>
                <target>waiting for return</target>
                <event>start-return</event>
            </transition>

            <transition>
                <source>delivered</source>
                <target>waiting for return</target>
                <event>start-return</event>
            </transition>

            <transition>
                <source>waiting for return</source>
                <target>returned</target>
                <event>execute-return</event>
            </transition>

            <transition>
                <source>waiting for return</source>
                <target>return canceled</target>
                <event>cancel-return</event>
            </transition>

            <transition>
                <source>return canceled</source>
                <target>shipped to customer</target>
                <event>ship-return</event>
            </transition>

            <transition>
                <source>shipped to customer</source>
                <target>delivered</target>
                <event>delivery-return</event>
            </transition>
        </transitions>

        <events>
            <event name="start-return" command="Return/StartReturn"/>
            <event name="execute-return" manual="true"/>
            <event name="cancel-return" manual="true"/>
            <event name="ship-return" manual="true"/>
            <event name="delivery-return" manual="true"/>
        </events>
    </process>

</statemachine>
