<?xml version="1.0"?>
<statemachine
    xmlns="spryker:oms-01"
    xmlns:xsi="http://www.w3.org/2001/XMLSchema-instance"
    xsi:schemaLocation="spryker:oms-01 http://static.spryker.com/oms-01.xsd">
    <!-- Used as example XML for OMS implementation -->

    <process name="DummyRefund">
        <states>
            <state name="refunded" display="oms.state.refunded"/>
        </states>

        <transitions>
            <transition>
                <source>delivered</source>
                <target>refunded</target>
                <event>refund</event>
            </transition>

            <transition>
                <source>returned</source>
                <target>refunded</target>
                <event>refund</event>
            </transition>
        </transitions>

        <events>
            <event name="refund" manual="true" command="DummyPayment/Refund"/>
        </events>
    </process>

</statemachine>
