<?xml version="1.0"?>
<statemachine
    xmlns="spryker:oms-01"
    xmlns:xsi="http://www.w3.org/2001/XMLSchema-instance"
    xsi:schemaLocation="spryker:oms-01 http://static.spryker.com/oms-01.xsd">

    <process name="DummyInvoice">
        <states>
            <state name="invoice generated" display="oms.state.invoice-generated"/>
        </states>

        <transitions>
            <transition>
                <source>confirmed</source>
                <target>invoice generated</target>
                <event>invoice-generate</event>
            </transition>
            <transition>
                <source>invoice generated</source>
                <target>waiting</target>
                <event>invoice-generated</event>
            </transition>
        </transitions>

        <events>
            <event name="invoice-generate" manual="true" command="Invoice/Generate"/>
            <event name="invoice-generated" onEnter="true"/>
        </events>
    </process>

</statemachine>
