block_key,store_name
blck-1,DE
blck-2,DE
blck-3,DE
blck-4,DE
blck-5,DE
blck-6,DE
blck-7,DE
blck-8,DE
blck-9,DE
blck-10,DE
blck-11,DE
blck-nav-desktop,DE
blck-nav-mobile,DE
blck-nav-footer-1,DE
blck-nav-footer-2,DE
blck-nav-footer-3,DE
blck-nav-footer-4,DE
cms-block-email--customer-registration--html,DE
cms-block-email--customer-registration--text,DE
cms-block-email--customer-registration_token--html,DE
cms-block-email--customer-registration_token--text,DE
cms-block-email--customer-restore-password--html,DE
cms-block-email--customer-restore-password--text,DE
cms-block-email--customer-restored-password-confirmation--html,DE
cms-block-email--customer-restored-password-confirmation--text,DE
cms-block-email--restore-password--html,DE
cms-block-email--restore-password--text,DE
cms-block-email--availability-notification-subscription--html,DE
cms-block-email--availability-notification-subscription--text,DE
cms-block-email--availability-notification-unsubscribed--html,DE
cms-block-email--availability-notification-unsubscribed--text,DE
cms-block-email--availability-notification--html,DE
cms-block-email--availability-notification--text,DE
cms-block-email--newsletter-subscribed--html,DE
cms-block-email--newsletter-subscribed--text,DE
cms-block-email--newsletter-unsubscribed--html,DE
cms-block-email--newsletter-unsubscribed--text,DE
cms-block-email--order-confirmation--html,DE
cms-block-email--order-confirmation--text,DE
cms-block-email--order-shipped--html,DE
cms-block-email--order-shipped--text,DE
cms-block-email--company-user-invitation--html,DE
cms-block-email--company-user-invitation--text,DE
cms-block-email--company-status--html,DE
cms-block-email--company-status--text,DE
