merchant_relation_key,abstract_sku,concrete_sku,price_type,store,currency,price_net,price_gross
mr-004,M61240,,DEFAULT,DE,EUR,12394,14750
mr-004,M61240,,ORIGINAL,DE,EUR,13771,16388
mr-004,,100107,DEFAULT,DE,EUR,12394,14750
mr-004,,100107,ORIGINAL,DE,EUR,13771,16388
mr-004,C2235,,DEFAULT,DE,EUR,6378,7590
mr-004,C2235,,ORIGINAL,DE,EUR,7086,8433
mr-004,,1001454,DEFAULT,DE,EUR,6378,7590
mr-004,,1001454,ORIGINAL,DE,EUR,7086,8433
mr-004,,100223,DEFAULT,DE,EUR,14193,16890
mr-004,,100223,ORIGINAL,DE,EUR,15770,18766
mr-004,M770,,DEFAULT,DE,EUR,20982,24970
mr-004,M770,,ORIGINAL,DE,EUR,23314,27744
mr-004,,100266,DEFAULT,DE,EUR,20982,24970
mr-004,,100266,ORIGINAL,DE,EUR,23314,27744
mr-004,M634,,DEFAULT,DE,EUR,106687,126958
mr-004,M634,,ORIGINAL,DE,EUR,118541,141064
mr-004,,100288,DEFAULT,DE,EUR,106687,126958
mr-004,,100288,ORIGINAL,DE,EUR,118541,141064
mr-004,M10569,,DEFAULT,DE,EUR,22530,26810
mr-004,M10569,,ORIGINAL,DE,EUR,25033,29789
mr-004,,100414,DEFAULT,DE,EUR,22530,26810
mr-004,,100414,ORIGINAL,DE,EUR,25033,29789
mr-004,M39654,,DEFAULT,DE,EUR,5622,6691
mr-004,M39654,,ORIGINAL,DE,EUR,6246,7434
mr-004,,100429,DEFAULT,DE,EUR,5622,6691
mr-004,,100429,ORIGINAL,DE,EUR,6246,7434
mr-004,M11222,,DEFAULT,DE,EUR,9198,10946
mr-004,M11222,,ORIGINAL,DE,EUR,10219,12162
mr-004,,100430,DEFAULT,DE,EUR,9198,10946
mr-004,,100430,ORIGINAL,DE,EUR,10219,12162
mr-004,M2393,,DEFAULT,DE,EUR,8250,9818
mr-004,M2393,,ORIGINAL,DE,EUR,9166,10908
mr-004,,100588,DEFAULT,DE,EUR,8250,9818
mr-004,,100588,ORIGINAL,DE,EUR,9166,10908
mr-004,M45050,,DEFAULT,DE,EUR,19396,23082
mr-004,M45050,,ORIGINAL,DE,EUR,21550,25646
mr-004,,100666,DEFAULT,DE,EUR,19396,23082
mr-004,,100666,ORIGINAL,DE,EUR,21550,25646
mr-004,M302,,DEFAULT,DE,EUR,8357,9945
mr-004,M302,,ORIGINAL,DE,EUR,9285,11050
mr-004,,100682,DEFAULT,DE,EUR,8357,9945
mr-004,,100682,ORIGINAL,DE,EUR,9285,11050
mr-004,M75601,,DEFAULT,DE,EUR,10382,12355
mr-004,M75601,,ORIGINAL,DE,EUR,11536,13728
mr-004,,100683,DEFAULT,DE,EUR,10382,12355
mr-004,,100683,ORIGINAL,DE,EUR,11536,13728
mr-004,M53238,,DEFAULT,DE,EUR,15294,18200
mr-004,M53238,,ORIGINAL,DE,EUR,16993,20222
mr-004,,100907,DEFAULT,DE,EUR,15294,18200
mr-004,,100907,ORIGINAL,DE,EUR,16993,20222
mr-004,M53331,,DEFAULT,DE,EUR,12593,14985
mr-004,M53331,,ORIGINAL,DE,EUR,13992,16650
mr-004,,100949,DEFAULT,DE,EUR,12593,14985
mr-004,,100949,ORIGINAL,DE,EUR,13992,16650
mr-004,M49344,,DEFAULT,DE,EUR,11254,13393
mr-004,M49344,,ORIGINAL,DE,EUR,12505,14881
mr-004,,100999,DEFAULT,DE,EUR,11254,13393
mr-004,,100999,ORIGINAL,DE,EUR,12505,14881
mr-004,M49207,,DEFAULT,DE,EUR,30269,36019
mr-004,M49207,,ORIGINAL,DE,EUR,33632,40021
mr-004,,101007,DEFAULT,DE,EUR,30269,36019
mr-004,,101007,ORIGINAL,DE,EUR,33632,40021
mr-004,M53235,,DEFAULT,DE,EUR,26972,32096
mr-004,M53235,,ORIGINAL,DE,EUR,29969,35662
mr-004,,101102,DEFAULT,DE,EUR,26972,32096
mr-004,,101102,ORIGINAL,DE,EUR,29969,35662
mr-004,M731,,DEFAULT,DE,EUR,24382,29014
mr-004,M731,,ORIGINAL,DE,EUR,27090,32237
mr-004,,101171,DEFAULT,DE,EUR,24382,29014
mr-004,,101171,ORIGINAL,DE,EUR,27090,32237
mr-004,M1028038,,DEFAULT,DE,EUR,13483,16046
mr-004,M1028038,,ORIGINAL,DE,EUR,14981,17828
mr-004,,101172,DEFAULT,DE,EUR,13483,16046
mr-004,,101172,ORIGINAL,DE,EUR,14981,17828
mr-004,M2495,,DEFAULT,DE,EUR,12917,15371
mr-004,M2495,,ORIGINAL,DE,EUR,14352,17078
mr-004,,101226,DEFAULT,DE,EUR,12917,15371
mr-004,,101226,ORIGINAL,DE,EUR,14352,17078
mr-004,M11480,,DEFAULT,DE,EUR,15314,18224
mr-004,M11480,,ORIGINAL,DE,EUR,17016,20249
mr-004,,101441,DEFAULT,DE,EUR,15314,18224
mr-004,,101441,ORIGINAL,DE,EUR,17016,20249
mr-004,M1014948,,DEFAULT,DE,EUR,14786,17594
mr-004,M1014948,,ORIGINAL,DE,EUR,16428,19549
mr-004,,101509,DEFAULT,DE,EUR,14786,17594
mr-004,,101509,ORIGINAL,DE,EUR,16428,19549
mr-004,M64933,,DEFAULT,DE,EUR,9202,10951
mr-004,M64933,,ORIGINAL,DE,EUR,10225,12168
mr-004,,101515,DEFAULT,DE,EUR,9202,10951
mr-004,,101515,ORIGINAL,DE,EUR,10225,12168
mr-004,M39658,,DEFAULT,DE,EUR,15350,18267
mr-004,M39658,,ORIGINAL,DE,EUR,17056,20297
mr-004,,101560,DEFAULT,DE,EUR,15350,18267
mr-004,,101560,ORIGINAL,DE,EUR,17056,20297
mr-004,M15226,,DEFAULT,DE,EUR,17158,20418
mr-004,M15226,,ORIGINAL,DE,EUR,19065,22686
mr-004,,101759,DEFAULT,DE,EUR,17158,20418
mr-004,,101759,ORIGINAL,DE,EUR,19065,22686
mr-004,M79890,,DEFAULT,DE,EUR,8790,10461
mr-004,M79890,,ORIGINAL,DE,EUR,9766,11622
mr-004,,101828,DEFAULT,DE,EUR,8790,10461
mr-004,,101828,ORIGINAL,DE,EUR,9766,11622
mr-004,M74972,,DEFAULT,DE,EUR,26414,31434
mr-004,M74972,,ORIGINAL,DE,EUR,29349,34926
mr-004,,101863,DEFAULT,DE,EUR,26414,31434
mr-004,,101863,ORIGINAL,DE,EUR,29349,34926
mr-004,M74974,,DEFAULT,DE,EUR,34582,41153
mr-004,M74974,,ORIGINAL,DE,EUR,38425,45725
mr-004,,101865,DEFAULT,DE,EUR,34582,41153
mr-004,,101865,ORIGINAL,DE,EUR,38425,45725
mr-004,M74907,,DEFAULT,DE,EUR,47783,56862
mr-004,M74907,,ORIGINAL,DE,EUR,53092,63179
mr-004,,101940,DEFAULT,DE,EUR,47783,56862
mr-004,,101940,ORIGINAL,DE,EUR,53092,63179
mr-004,M1018212,,DEFAULT,DE,EUR,34410,40948
mr-004,M1018212,,ORIGINAL,DE,EUR,38233,45498
mr-004,,102121,DEFAULT,DE,EUR,34410,40948
mr-004,,102121,ORIGINAL,DE,EUR,38233,45498
mr-004,M58035,,DEFAULT,DE,EUR,21842,25993
mr-004,M58035,,ORIGINAL,DE,EUR,24269,28881
mr-004,,102124,DEFAULT,DE,EUR,21842,25993
mr-004,,102124,ORIGINAL,DE,EUR,24269,28881
mr-004,,102126,DEFAULT,DE,EUR,21282,25326
mr-004,,102126,ORIGINAL,DE,EUR,23646,28139
mr-004,,102128,DEFAULT,DE,EUR,25295,30102
mr-004,,102128,ORIGINAL,DE,EUR,28106,33446
mr-004,,102130,DEFAULT,DE,EUR,26039,30986
mr-004,,102130,ORIGINAL,DE,EUR,28932,34429
mr-004,M58100,,DEFAULT,DE,EUR,21181,25205
mr-004,M58100,,ORIGINAL,DE,EUR,23534,28005
mr-004,,102169,DEFAULT,DE,EUR,21181,25205
mr-004,,102169,ORIGINAL,DE,EUR,23534,28005
mr-004,M58095,,DEFAULT,DE,EUR,12288,14623
mr-004,M58095,,ORIGINAL,DE,EUR,13653,16248
mr-004,,102177,DEFAULT,DE,EUR,12288,14623
mr-004,,102177,ORIGINAL,DE,EUR,13653,16248
mr-004,M58102,,DEFAULT,DE,EUR,13472,16032
mr-004,,102180,DEFAULT,DE,EUR,13472,16032
mr-004,M58103,,DEFAULT,DE,EUR,13472,16032
mr-004,,102181,DEFAULT,DE,EUR,13472,16032
mr-004,M58104,,DEFAULT,DE,EUR,13472,16032
mr-004,,102182,DEFAULT,DE,EUR,13472,16032
mr-004,M58105,,DEFAULT,DE,EUR,13472,16032
mr-004,,102183,DEFAULT,DE,EUR,13472,16032
mr-004,M61124,,DEFAULT,DE,EUR,12378,14729
mr-004,,102708,DEFAULT,DE,EUR,12378,14729
mr-004,M61125,,DEFAULT,DE,EUR,14628,17407
mr-004,,102712,DEFAULT,DE,EUR,14628,17407
mr-004,M53287,,DEFAULT,DE,EUR,10126,12051
mr-004,,102775,DEFAULT,DE,EUR,10126,12051
mr-004,M53288,,DEFAULT,DE,EUR,10427,12408
mr-004,,102779,DEFAULT,DE,EUR,10427,12408
mr-004,M226,,DEFAULT,DE,EUR,31282,37225
mr-004,,102809,DEFAULT,DE,EUR,31282,37225
mr-004,M62584,,DEFAULT,DE,EUR,13427,15978
mr-004,,102841,DEFAULT,DE,EUR,13427,15978
mr-004,M766,,DEFAULT,DE,EUR,15378,18300
mr-004,,102917,DEFAULT,DE,EUR,15378,18300
mr-004,M767,,DEFAULT,DE,EUR,15866,18880
mr-004,,102918,DEFAULT,DE,EUR,15866,18880
mr-004,M768,,DEFAULT,DE,EUR,17328,20621
mr-004,,102919,DEFAULT,DE,EUR,17328,20621
mr-004,M769,,DEFAULT,DE,EUR,18529,22049
mr-004,,102920,DEFAULT,DE,EUR,18529,22049
mr-004,M771,,DEFAULT,DE,EUR,20029,23834
mr-004,,102922,DEFAULT,DE,EUR,20029,23834
mr-004,M787,,DEFAULT,DE,EUR,18603,22138
mr-004,,102923,DEFAULT,DE,EUR,18603,22138
mr-004,M788,,DEFAULT,DE,EUR,19879,23656
mr-004,,102924,DEFAULT,DE,EUR,19879,23656
mr-004,M789,,DEFAULT,DE,EUR,20329,24191
mr-004,,102925,DEFAULT,DE,EUR,20329,24191
mr-004,,102935,DEFAULT,DE,EUR,10291,12246
mr-004,,102936,DEFAULT,DE,EUR,11740,13970
mr-004,,102938,DEFAULT,DE,EUR,13953,16604
mr-004,,102939,DEFAULT,DE,EUR,14778,17586
mr-004,M719,,DEFAULT,DE,EUR,15416,18345
mr-004,,102940,DEFAULT,DE,EUR,15416,18345
mr-004,M72878,,DEFAULT,DE,EUR,15129,18003
mr-004,,102972,DEFAULT,DE,EUR,15129,18003
mr-004,M64947,,DEFAULT,DE,EUR,10622,12640
mr-004,,102976,DEFAULT,DE,EUR,10622,12640
mr-004,M64934,,DEFAULT,DE,EUR,16428,19550
mr-004,,102988,DEFAULT,DE,EUR,16428,19550
mr-004,M40490,,DEFAULT,DE,EUR,20929,24906
mr-004,,103117,DEFAULT,DE,EUR,20929,24906
mr-004,M40491,,DEFAULT,DE,EUR,26930,32047
mr-004,,103118,DEFAULT,DE,EUR,26930,32047
mr-004,M11306,,DEFAULT,DE,EUR,12047,14336
mr-004,,103235,DEFAULT,DE,EUR,12047,14336
mr-004,M74815,,DEFAULT,DE,EUR,14178,16871
mr-004,,103296,DEFAULT,DE,EUR,14178,16871
mr-004,M66923,,DEFAULT,DE,EUR,7471,8890
mr-004,,103388,DEFAULT,DE,EUR,7471,8890
mr-004,M69408,,DEFAULT,DE,EUR,17028,20264
mr-004,,103510,DEFAULT,DE,EUR,17028,20264
mr-004,M1028049,,DEFAULT,DE,EUR,22430,26691
mr-004,,103740,DEFAULT,DE,EUR,22430,26691
mr-004,M72844,,DEFAULT,DE,EUR,51686,61506
mr-004,,103836,DEFAULT,DE,EUR,51686,61506
mr-004,M72843,,DEFAULT,DE,EUR,34432,40974
mr-004,,103838,DEFAULT,DE,EUR,34432,40974
mr-004,M72937,,DEFAULT,DE,EUR,39833,47402
mr-004,,103889,DEFAULT,DE,EUR,39833,47402
mr-004,M72938,,DEFAULT,DE,EUR,41258,49098
mr-004,,103890,DEFAULT,DE,EUR,41258,49098
mr-004,M72933,,DEFAULT,DE,EUR,31994,38074
mr-004,,103905,DEFAULT,DE,EUR,31994,38074
mr-004,M72935,,DEFAULT,DE,EUR,33419,39770
mr-004,,103907,DEFAULT,DE,EUR,33419,39770
mr-004,M26831,,DEFAULT,DE,EUR,51686,61506
mr-004,,104074,DEFAULT,DE,EUR,51686,61506
mr-004,M10577,,DEFAULT,DE,EUR,6578,7828
mr-004,,104151,DEFAULT,DE,EUR,6578,7828
mr-004,M10871,,DEFAULT,DE,EUR,7718,9186
mr-004,,104190,DEFAULT,DE,EUR,7718,9186
mr-004,M10872,,DEFAULT,DE,EUR,8191,9748
mr-004,,104192,DEFAULT,DE,EUR,8191,9748
mr-004,M11473,,DEFAULT,DE,EUR,8484,10096
mr-004,,104440,DEFAULT,DE,EUR,8484,10096
mr-004,M75071,,DEFAULT,DE,EUR,15571,18530
mr-004,,104445,DEFAULT,DE,EUR,15571,18530
mr-004,M11542,,DEFAULT,DE,EUR,7718,9186
mr-004,M11542,,ORIGINAL,DE,EUR,8576,10206
mr-004,,104517,DEFAULT,DE,EUR,7718,9186
mr-004,,104517,ORIGINAL,DE,EUR,8576,10206
mr-004,M2365,,DEFAULT,DE,EUR,19054,22674
mr-004,,104523,DEFAULT,DE,EUR,19054,22674
mr-004,M2366,,DEFAULT,DE,EUR,20525,24425
mr-004,,104524,DEFAULT,DE,EUR,20525,24425
mr-004,M526,,DEFAULT,DE,EUR,21298,25344
mr-004,,104937,DEFAULT,DE,EUR,21298,25344
mr-004,M528,,DEFAULT,DE,EUR,22107,26307
mr-004,M528,,ORIGINAL,DE,EUR,24563,29230
mr-004,,104939,DEFAULT,DE,EUR,22107,26307
mr-004,,104939,ORIGINAL,DE,EUR,24563,29230
mr-004,M79892,,DEFAULT,DE,EUR,9691,11533
mr-004,,107061,DEFAULT,DE,EUR,9691,11533
mr-004,M79932,,DEFAULT,DE,EUR,6685,7955
mr-004,,107063,DEFAULT,DE,EUR,6685,7955
mr-004,M80392,,DEFAULT,DE,EUR,13666,16263
mr-004,,107253,DEFAULT,DE,EUR,13666,16263
mr-004,,107252,DEFAULT,DE,EUR,15033,17889
mr-004,M12655,,DEFAULT,DE,EUR,13666,16263
mr-004,,107254,DEFAULT,DE,EUR,13666,16263
mr-004,M87416,,DEFAULT,DE,EUR,30137,35863
mr-004,,107273,DEFAULT,DE,EUR,30137,35863
mr-004,M87599,,DEFAULT,DE,EUR,52108,62008
mr-004,,107287,DEFAULT,DE,EUR,52108,62008
mr-004,M213,,DEFAULT,DE,EUR,19152,22790
mr-004,,107305,DEFAULT,DE,EUR,19152,22790
mr-004,M229,,DEFAULT,DE,EUR,25331,30144
mr-004,,107306,DEFAULT,DE,EUR,25331,30144
mr-004,M14054,,DEFAULT,DE,EUR,34257,40766
mr-004,,107310,DEFAULT,DE,EUR,34257,40766
mr-004,M15127,,DEFAULT,DE,EUR,19152,22790
mr-004,,107311,DEFAULT,DE,EUR,19152,22790
mr-004,M432,,DEFAULT,DE,EUR,43218,51430
mr-004,,107313,DEFAULT,DE,EUR,43218,51430
mr-004,M87464,,DEFAULT,DE,EUR,27390,32595
mr-004,,107315,DEFAULT,DE,EUR,27390,32595
mr-004,M86939,,DEFAULT,DE,EUR,14382,17114
mr-004,,107396,DEFAULT,DE,EUR,14382,17114
mr-004,M86938,,DEFAULT,DE,EUR,15827,18834
mr-004,,107403,DEFAULT,DE,EUR,15827,18834
mr-004,M90851,,DEFAULT,DE,EUR,97172,115635
mr-004,,107938,DEFAULT,DE,EUR,97172,115635
mr-004,M90810,,DEFAULT,DE,EUR,25331,30144
mr-004,,108263,DEFAULT,DE,EUR,25331,30144
mr-004,M90737,,DEFAULT,DE,EUR,11606,13811
mr-004,,108278,DEFAULT,DE,EUR,11606,13811
mr-004,M90800,,DEFAULT,DE,EUR,23958,28510
mr-004,,108287,DEFAULT,DE,EUR,23958,28510
mr-004,M90805,,DEFAULT,DE,EUR,35630,42399
mr-004,,108298,DEFAULT,DE,EUR,35630,42399
mr-004,M90806,,DEFAULT,DE,EUR,44591,53064
mr-004,,108302,DEFAULT,DE,EUR,44591,53064
mr-004,M1000785,,DEFAULT,DE,EUR,32450,38615
mr-004,,212427,DEFAULT,DE,EUR,32450,38615
mr-004,M1000786,,DEFAULT,DE,EUR,9716,11562
mr-004,,212440,DEFAULT,DE,EUR,9716,11562
mr-004,M1000838,,DEFAULT,DE,EUR,113030,134506
mr-004,,212442,DEFAULT,DE,EUR,113030,134506
mr-004,M1000839,,DEFAULT,DE,EUR,134330,159854
mr-004,,212444,DEFAULT,DE,EUR,134330,159854
mr-004,M1000840,,DEFAULT,DE,EUR,212916,253370
mr-004,,212447,DEFAULT,DE,EUR,212916,253370
mr-004,M1006484,,DEFAULT,DE,EUR,17005,20236
mr-004,,212837,DEFAULT,DE,EUR,17005,20236
mr-004,M1006811,,DEFAULT,DE,EUR,11491,13674
mr-004,,213103,DEFAULT,DE,EUR,11491,13674
mr-004,M1006871,,DEFAULT,DE,EUR,19441,23134
mr-004,,213216,DEFAULT,DE,EUR,19441,23134
mr-004,M5108,,DEFAULT,DE,EUR,7219,8591
mr-004,,400065,DEFAULT,DE,EUR,7219,8591
mr-004,M5043,,DEFAULT,DE,EUR,21500,25585
mr-004,,400072,DEFAULT,DE,EUR,21500,25585
mr-004,M5022,,DEFAULT,DE,EUR,14382,17114
mr-004,,400074,DEFAULT,DE,EUR,14382,17114
mr-004,M5113,,DEFAULT,DE,EUR,12936,15394
mr-004,,400434,DEFAULT,DE,EUR,12936,15394
mr-004,M65062,,DEFAULT,DE,EUR,118887,141476
mr-004,,400855,DEFAULT,DE,EUR,118887,141476
mr-004,M5154,,DEFAULT,DE,EUR,8781,10450
mr-004,,401627,DEFAULT,DE,EUR,8781,10450
mr-004,M5155,,DEFAULT,DE,EUR,12301,14638
mr-004,,401629,DEFAULT,DE,EUR,12301,14638
mr-004,M5147,,DEFAULT,DE,EUR,12647,15050
mr-004,,401768,DEFAULT,DE,EUR,12647,15050
mr-004,M5148,,DEFAULT,DE,EUR,17273,20554
mr-004,,401781,DEFAULT,DE,EUR,17273,20554
mr-004,M5044,,DEFAULT,DE,EUR,14245,16951
mr-004,,403006,DEFAULT,DE,EUR,14245,16951
mr-004,M70208,,DEFAULT,DE,EUR,15827,18834
mr-004,,403125,DEFAULT,DE,EUR,15827,18834
mr-004,M88184,,DEFAULT,DE,EUR,469768,559023
mr-004,,404108,DEFAULT,DE,EUR,469768,559023
mr-004,M1031236,,DEFAULT,DE,EUR,13370,15910
mr-004,,408034,DEFAULT,DE,EUR,13370,15910
mr-004,M1031238,,DEFAULT,DE,EUR,4184,4979
mr-004,,408104,DEFAULT,DE,EUR,4184,4979
mr-004,M90799,,DEFAULT,DE,EUR,27390,32595
mr-004,,410075,DEFAULT,DE,EUR,27390,32595
mr-004,M90802,,DEFAULT,DE,EUR,33570,39949
mr-004,,410083,DEFAULT,DE,EUR,33570,39949
mr-004,M1024684,,DEFAULT,DE,EUR,42495,50570
mr-004,,410090,DEFAULT,DE,EUR,42495,50570
mr-004,M1024689,,DEFAULT,DE,EUR,59696,71038
mr-004,,410102,DEFAULT,DE,EUR,59696,71038
mr-004,M90804,,DEFAULT,DE,EUR,19152,22790
mr-004,,410104,DEFAULT,DE,EUR,19152,22790
mr-004,M1080190,,DEFAULT,DE,EUR,21898,26058
mr-004,,411653,DEFAULT,DE,EUR,21898,26058
mr-004,M1079243,,DEFAULT,DE,EUR,14382,17114
mr-004,,413849,DEFAULT,DE,EUR,14382,17114
mr-004,M1079219,,DEFAULT,DE,EUR,28114,33455
mr-004,,413850,DEFAULT,DE,EUR,28114,33455
mr-004,M1079221,,DEFAULT,DE,EUR,13057,15538
mr-004,,413852,DEFAULT,DE,EUR,13057,15538
mr-004,M1079222,,DEFAULT,DE,EUR,23054,27434
mr-004,,413854,DEFAULT,DE,EUR,23054,27434
mr-004,M1028375,,DEFAULT,DE,EUR,58323,69405
mr-004,,414097,DEFAULT,DE,EUR,58323,69405
mr-004,M1028376,,DEFAULT,DE,EUR,61720,73446
mr-004,,414098,DEFAULT,DE,EUR,61720,73446
mr-004,M29455,,DEFAULT,DE,EUR,23054,27434
mr-004,M29455,,ORIGINAL,DE,EUR,25616,30482
mr-004,,419780,DEFAULT,DE,EUR,23054,27434
mr-004,,419780,ORIGINAL,DE,EUR,25616,30482
mr-004,M29456,,DEFAULT,DE,EUR,18014,21438
mr-004,,419781,DEFAULT,DE,EUR,18014,21438
mr-004,,419782,DEFAULT,DE,EUR,14411,17150
mr-004,M29468,,DEFAULT,DE,EUR,39874,47450
mr-004,,419803,DEFAULT,DE,EUR,39874,47450
mr-004,M29499,,DEFAULT,DE,EUR,2254,2682
mr-004,,419869,DEFAULT,DE,EUR,2254,2682
mr-004,M29501,,DEFAULT,DE,EUR,19522,23231
mr-004,,419871,DEFAULT,DE,EUR,19522,23231
mr-004,M29502,,DEFAULT,DE,EUR,2630,3130
mr-004,,419872,DEFAULT,DE,EUR,2630,3130
mr-004,M29503,,DEFAULT,DE,EUR,4138,4924
mr-004,,419873,DEFAULT,DE,EUR,4138,4924
mr-004,M29504,,DEFAULT,DE,EUR,22537,26819
mr-004,,419876,DEFAULT,DE,EUR,22537,26819
mr-004,M29507,,DEFAULT,DE,EUR,14999,17850
mr-004,,419880,DEFAULT,DE,EUR,14999,17850
mr-004,M29523,,DEFAULT,DE,EUR,36858,43862
mr-004,,419897,DEFAULT,DE,EUR,36858,43862
mr-004,M29524,,DEFAULT,DE,EUR,26306,31304
mr-004,M29524,,ORIGINAL,DE,EUR,29228,34782
mr-004,,419898,DEFAULT,DE,EUR,26306,31304
mr-004,,419898,ORIGINAL,DE,EUR,29228,34782
mr-004,M29525,,DEFAULT,DE,EUR,7686,9147
mr-004,,419900,DEFAULT,DE,EUR,7686,9147
mr-004,M29526,,DEFAULT,DE,EUR,7686,9147
mr-004,,419901,DEFAULT,DE,EUR,7686,9147
mr-004,M29529,,DEFAULT,DE,EUR,61952,73723
mr-004,M29529,,ORIGINAL,DE,EUR,68835,81914
mr-004,,419904,DEFAULT,DE,EUR,61952,73723
mr-004,,419904,ORIGINAL,DE,EUR,68835,81914
mr-004,M29530,,DEFAULT,DE,EUR,71120,84633
mr-004,M29530,,ORIGINAL,DE,EUR,79022,94036
mr-004,,419905,DEFAULT,DE,EUR,71120,84633
mr-004,,419905,ORIGINAL,DE,EUR,79022,94036
mr-004,M21062,,DEFAULT,DE,EUR,348,414
mr-004,,420506,DEFAULT,DE,EUR,348,414
mr-004,M21066,,DEFAULT,DE,EUR,196,234
mr-004,,420514,DEFAULT,DE,EUR,196,234
mr-004,M21067,,DEFAULT,DE,EUR,226,270
mr-004,,420520,DEFAULT,DE,EUR,226,270
mr-004,M21073,,DEFAULT,DE,EUR,447,532
mr-004,,420527,DEFAULT,DE,EUR,447,532
mr-004,M21090,,DEFAULT,DE,EUR,1459,1736
mr-004,,420549,DEFAULT,DE,EUR,1459,1736
mr-004,M21091,,DEFAULT,DE,EUR,2245,2672
mr-004,,420550,DEFAULT,DE,EUR,2245,2672
mr-004,M21092,,DEFAULT,DE,EUR,758,902
mr-004,,420551,DEFAULT,DE,EUR,758,902
mr-004,M21093,,DEFAULT,DE,EUR,2192,2609
mr-004,,420554,DEFAULT,DE,EUR,2192,2609
mr-004,M21094,,DEFAULT,DE,EUR,8345,9930
mr-004,,420555,DEFAULT,DE,EUR,8345,9930
mr-004,M21097,,DEFAULT,DE,EUR,1558,1855
mr-004,,420562,DEFAULT,DE,EUR,1558,1855
mr-004,M21099,,DEFAULT,DE,EUR,667,794
mr-004,,420565,DEFAULT,DE,EUR,667,794
mr-004,M21100,,DEFAULT,DE,EUR,1062,1263
mr-004,,420566,DEFAULT,DE,EUR,1062,1263
mr-004,M21101,,DEFAULT,DE,EUR,1622,1930
mr-004,,420567,DEFAULT,DE,EUR,1622,1930
mr-004,M21103,,DEFAULT,DE,EUR,1746,2077
mr-004,,420573,DEFAULT,DE,EUR,1746,2077
mr-004,M21104,,DEFAULT,DE,EUR,6111,7273
mr-004,,420574,DEFAULT,DE,EUR,6111,7273
mr-004,M21105,,DEFAULT,DE,EUR,1594,1896
mr-004,,420575,DEFAULT,DE,EUR,1594,1896
mr-004,M21189,,DEFAULT,DE,EUR,530,631
mr-004,,420685,DEFAULT,DE,EUR,320,384
mr-004,M21190,,DEFAULT,DE,EUR,325,387
mr-004,M21190,,ORIGINAL,DE,EUR,361,430
mr-004,,420687,DEFAULT,DE,EUR,325,387
mr-004,,420687,ORIGINAL,DE,EUR,361,430
mr-004,M21191,,DEFAULT,DE,EUR,244,290
mr-004,,420689,DEFAULT,DE,EUR,244,290
mr-004,M21193,,DEFAULT,DE,EUR,589,701
mr-004,,420691,DEFAULT,DE,EUR,589,701
mr-004,M21194,,DEFAULT,DE,EUR,390,464
mr-004,,420692,DEFAULT,DE,EUR,390,464
mr-004,M21195,,DEFAULT,DE,EUR,284,338
mr-004,,420694,DEFAULT,DE,EUR,284,338
mr-004,M21196,,DEFAULT,DE,EUR,635,756
mr-004,,420695,DEFAULT,DE,EUR,635,756
mr-004,M21197,,DEFAULT,DE,EUR,828,985
mr-004,,420696,DEFAULT,DE,EUR,828,985
mr-004,M21200,,DEFAULT,DE,EUR,290,346
mr-004,,420706,DEFAULT,DE,EUR,290,346
mr-004,M21201,,DEFAULT,DE,EUR,284,338
mr-004,,420707,DEFAULT,DE,EUR,284,338
mr-004,M21202,,DEFAULT,DE,EUR,701,834
mr-004,,420708,DEFAULT,DE,EUR,701,834
mr-004,M21203,,DEFAULT,DE,EUR,701,834
mr-004,,420709,DEFAULT,DE,EUR,701,834
mr-004,M21205,,DEFAULT,DE,EUR,165,196
mr-004,,420712,DEFAULT,DE,EUR,165,196
mr-004,M21296,,DEFAULT,DE,EUR,794,946
mr-004,,420836,DEFAULT,DE,EUR,794,946
mr-004,M21299,,DEFAULT,DE,EUR,2452,2918
mr-004,,420845,DEFAULT,DE,EUR,2452,2918
mr-004,M21635,,DEFAULT,DE,EUR,960,1142
mr-004,,421245,DEFAULT,DE,EUR,960,1142
mr-004,M21636,,DEFAULT,DE,EUR,669,796
mr-004,,421246,DEFAULT,DE,EUR,669,796
mr-004,M21637,,DEFAULT,DE,EUR,377,448
mr-004,,421247,DEFAULT,DE,EUR,377,448
mr-004,M21638,,DEFAULT,DE,EUR,463,551
mr-004,,421248,DEFAULT,DE,EUR,463,551
mr-004,M21646,,DEFAULT,DE,EUR,171,204
mr-004,,421261,DEFAULT,DE,EUR,171,204
mr-004,M21648,,DEFAULT,DE,EUR,569,677
mr-004,,421263,DEFAULT,DE,EUR,569,677
mr-004,M21650,,DEFAULT,DE,EUR,363,433
mr-004,,421265,DEFAULT,DE,EUR,363,433
mr-004,M21679,,DEFAULT,DE,EUR,417,496
mr-004,,421322,DEFAULT,DE,EUR,417,496
mr-004,M21680,,DEFAULT,DE,EUR,356,424
mr-004,,421323,DEFAULT,DE,EUR,356,424
mr-004,M21681,,DEFAULT,DE,EUR,417,496
mr-004,,421324,DEFAULT,DE,EUR,417,496
mr-004,M21684,,DEFAULT,DE,EUR,211,251
mr-004,,421327,DEFAULT,DE,EUR,211,251
mr-004,M21690,,DEFAULT,DE,EUR,417,496
mr-004,,421339,DEFAULT,DE,EUR,417,496
mr-004,,421340,DEFAULT,DE,EUR,417,496
mr-004,M21691,,DEFAULT,DE,EUR,417,496
mr-004,,421341,DEFAULT,DE,EUR,417,496
mr-004,,421342,DEFAULT,DE,EUR,417,496
mr-004,M21692,,DEFAULT,DE,EUR,417,496
mr-004,,421343,DEFAULT,DE,EUR,417,496
mr-004,,421344,DEFAULT,DE,EUR,417,496
mr-004,M21693,,DEFAULT,DE,EUR,417,496
mr-004,,421345,DEFAULT,DE,EUR,417,496
mr-004,,421346,DEFAULT,DE,EUR,417,496
mr-004,M21694,,DEFAULT,DE,EUR,522,622
mr-004,,421347,DEFAULT,DE,EUR,522,622
mr-004,M21703,,DEFAULT,DE,EUR,330,393
mr-004,,421378,DEFAULT,DE,EUR,330,393
mr-004,M21708,,DEFAULT,DE,EUR,363,433
mr-004,,421418,DEFAULT,DE,EUR,363,433
mr-004,M21704,,DEFAULT,DE,EUR,244,290
mr-004,,421425,DEFAULT,DE,EUR,244,290
mr-004,M21711,,DEFAULT,DE,EUR,298,354
mr-004,,421426,DEFAULT,DE,EUR,298,354
mr-004,M21713,,DEFAULT,DE,EUR,689,819
mr-004,,421428,DEFAULT,DE,EUR,689,819
mr-004,M21714,,DEFAULT,DE,EUR,675,803
mr-004,,421432,DEFAULT,DE,EUR,675,803
mr-004,M21715,,DEFAULT,DE,EUR,390,464
mr-004,,421433,DEFAULT,DE,EUR,390,464
mr-004,M21716,,DEFAULT,DE,EUR,437,519
mr-004,,421435,DEFAULT,DE,EUR,437,519
mr-004,M21717,,DEFAULT,DE,EUR,165,196
mr-004,,421436,DEFAULT,DE,EUR,165,196
mr-004,M21740,,DEFAULT,DE,EUR,264,314
mr-004,,421475,DEFAULT,DE,EUR,264,314
mr-004,M21741,,DEFAULT,DE,EUR,264,314
mr-004,,421476,DEFAULT,DE,EUR,264,314
mr-004,M21742,,DEFAULT,DE,EUR,264,314
mr-004,,421477,DEFAULT,DE,EUR,264,314
mr-004,M21743,,DEFAULT,DE,EUR,264,314
mr-004,,421478,DEFAULT,DE,EUR,264,314
mr-004,M21744,,DEFAULT,DE,EUR,298,354
mr-004,,421479,DEFAULT,DE,EUR,298,354
mr-004,M21745,,DEFAULT,DE,EUR,794,946
mr-004,,421481,DEFAULT,DE,EUR,794,946
mr-004,M21759,,DEFAULT,DE,EUR,1987,2365
mr-004,M21759,,ORIGINAL,DE,EUR,2208,2627
mr-004,,421511,DEFAULT,DE,EUR,1987,2365
mr-004,,421511,ORIGINAL,DE,EUR,2208,2627
mr-004,M21766,,DEFAULT,DE,EUR,182,217
mr-004,,421519,DEFAULT,DE,EUR,182,217
mr-004,,421519_1,DEFAULT,DE,EUR,912,1084
mr-004,,421519_2,DEFAULT,DE,EUR,1824,2168
mr-004,,421519_3,DEFAULT,DE,EUR,2736,3252
mr-004,M21771,,DEFAULT,DE,EUR,176,209
mr-004,,421530,DEFAULT,DE,EUR,176,209
mr-004,M21772,,DEFAULT,DE,EUR,2449,2914
mr-004,,421531,DEFAULT,DE,EUR,2449,2914
mr-004,M21773,,DEFAULT,DE,EUR,2802,3334
mr-004,,421533,DEFAULT,DE,EUR,2802,3334
mr-004,M21774,,DEFAULT,DE,EUR,1128,1342
mr-004,,421534,DEFAULT,DE,EUR,1128,1342
mr-004,M21777,,DEFAULT,DE,EUR,966,1150
mr-004,,421538,DEFAULT,DE,EUR,966,1150
mr-004,M21778,,DEFAULT,DE,EUR,966,1150
mr-004,,421539,DEFAULT,DE,EUR,966,1150
mr-004,M21779,,DEFAULT,DE,EUR,2075,2469
mr-004,,421540,DEFAULT,DE,EUR,2075,2469
mr-004,M21903,,DEFAULT,DE,EUR,726,864
mr-004,,421768,DEFAULT,DE,EUR,726,864
mr-004,M22230,,DEFAULT,DE,EUR,705,839
mr-004,,422524,DEFAULT,DE,EUR,705,839
mr-004,M22232,,DEFAULT,DE,EUR,521,620
mr-004,,422528,DEFAULT,DE,EUR,521,620
mr-004,M22269,,DEFAULT,DE,EUR,599,713
mr-004,,422573,DEFAULT,DE,EUR,599,713
mr-004,M22397,,DEFAULT,DE,EUR,253,301
mr-004,,422721,DEFAULT,DE,EUR,253,301
mr-004,M22398,,DEFAULT,DE,EUR,32,38
mr-004,,422722,DEFAULT,DE,EUR,32,38
mr-004,M22410,,DEFAULT,DE,EUR,494,587
mr-004,,422741,DEFAULT,DE,EUR,494,587
mr-004,M22411,,DEFAULT,DE,EUR,494,587
mr-004,,422743,DEFAULT,DE,EUR,494,587
mr-004,M22412,,DEFAULT,DE,EUR,846,1007
mr-004,,422745,DEFAULT,DE,EUR,846,1007
mr-004,M22432,,DEFAULT,DE,EUR,387,461
mr-004,,422780,DEFAULT,DE,EUR,387,461
mr-004,M22484,,DEFAULT,DE,EUR,60,72
mr-004,,422855,DEFAULT,DE,EUR,60,72
mr-004,M22613,,DEFAULT,DE,EUR,140,166
mr-004,,423105,DEFAULT,DE,EUR,140,166
mr-004,M22660,,DEFAULT,DE,EUR,70,82
mr-004,M22660,,ORIGINAL,DE,EUR,77,91
mr-004,,423172,DEFAULT,DE,EUR,70,82
mr-004,,423172,ORIGINAL,DE,EUR,77,91
mr-004,M22661,,DEFAULT,DE,EUR,70,82
mr-004,,423173,DEFAULT,DE,EUR,70,82
mr-004,M22662,,DEFAULT,DE,EUR,70,82
mr-004,,423174,DEFAULT,DE,EUR,70,82
mr-004,M22663,,DEFAULT,DE,EUR,70,82
mr-004,M22663,,ORIGINAL,DE,EUR,77,91
mr-004,,423175,DEFAULT,DE,EUR,70,82
mr-004,,423175,ORIGINAL,DE,EUR,77,91
mr-004,M22664,,DEFAULT,DE,EUR,66,79
mr-004,,423178,DEFAULT,DE,EUR,66,79
mr-004,M22682,,DEFAULT,DE,EUR,3689,4390
mr-004,,423237,DEFAULT,DE,EUR,3689,4390
mr-004,M22293,,DEFAULT,DE,EUR,121,144
mr-004,,423383,DEFAULT,DE,EUR,121,144
mr-004,M22796,,DEFAULT,DE,EUR,74,88
mr-004,M22796,,ORIGINAL,DE,EUR,82,98
mr-004,,423452,DEFAULT,DE,EUR,74,88
mr-004,,423452,ORIGINAL,DE,EUR,82,98
mr-004,M22797,,DEFAULT,DE,EUR,70,83
mr-004,,423456,DEFAULT,DE,EUR,70,83
mr-004,M23067,,DEFAULT,DE,EUR,2704,3218
mr-004,,423909,DEFAULT,DE,EUR,2704,3218
mr-004,M23340,,DEFAULT,DE,EUR,591,704
mr-004,,424265,DEFAULT,DE,EUR,591,704
mr-004,M23343,,DEFAULT,DE,EUR,872,1038
mr-004,,424270,DEFAULT,DE,EUR,872,1038
mr-004,M23345,,DEFAULT,DE,EUR,394,469
mr-004,,424273,DEFAULT,DE,EUR,394,469
mr-004,M23432,,DEFAULT,DE,EUR,44,53
mr-004,,424372,DEFAULT,DE,EUR,44,53
mr-004,M23436,,DEFAULT,DE,EUR,97,115
mr-004,,424384,DEFAULT,DE,EUR,97,115
mr-004,M23438,,DEFAULT,DE,EUR,112,134
mr-004,,424390,DEFAULT,DE,EUR,112,134
mr-004,M23440,,DEFAULT,DE,EUR,112,134
mr-004,,424397,DEFAULT,DE,EUR,112,134
mr-004,M23441,,DEFAULT,DE,EUR,112,134
mr-004,,424400,DEFAULT,DE,EUR,112,134
mr-004,M23444,,DEFAULT,DE,EUR,143,170
mr-004,,424409,DEFAULT,DE,EUR,143,170
mr-004,M23450,,DEFAULT,DE,EUR,106,126
mr-004,,424430,DEFAULT,DE,EUR,106,126
mr-004,M23451,,DEFAULT,DE,EUR,106,126
mr-004,,424431,DEFAULT,DE,EUR,106,126
mr-004,M23454,,DEFAULT,DE,EUR,120,143
mr-004,,424442,DEFAULT,DE,EUR,120,143
mr-004,M23455,,DEFAULT,DE,EUR,120,143
mr-004,,424447,DEFAULT,DE,EUR,120,143
mr-004,M23456,,DEFAULT,DE,EUR,218,261
mr-004,,424449,DEFAULT,DE,EUR,218,261
mr-004,M23457,,DEFAULT,DE,EUR,196,234
mr-004,,424453,DEFAULT,DE,EUR,196,234
mr-004,M23459,,DEFAULT,DE,EUR,554,659
mr-004,,424463,DEFAULT,DE,EUR,554,659
mr-004,M23460,,DEFAULT,DE,EUR,265,315
mr-004,,424464,DEFAULT,DE,EUR,265,315
mr-004,M23461,,DEFAULT,DE,EUR,143,170
mr-004,,424466,DEFAULT,DE,EUR,143,170
mr-004,M23462,,DEFAULT,DE,EUR,123,146
mr-004,,424472,DEFAULT,DE,EUR,123,146
mr-004,M23463,,DEFAULT,DE,EUR,123,146
mr-004,,424475,DEFAULT,DE,EUR,123,146
mr-004,M23467,,DEFAULT,DE,EUR,218,261
mr-004,,424493,DEFAULT,DE,EUR,218,261
mr-004,M23468,,DEFAULT,DE,EUR,226,270
mr-004,,424496,DEFAULT,DE,EUR,226,270
mr-004,M23469,,DEFAULT,DE,EUR,295,352
mr-004,,424503,DEFAULT,DE,EUR,295,352
mr-004,M23470,,DEFAULT,DE,EUR,242,288
mr-004,,424506,DEFAULT,DE,EUR,242,288
mr-004,M23471,,DEFAULT,DE,EUR,189,225
mr-004,,424510,DEFAULT,DE,EUR,189,225
mr-004,M23472,,DEFAULT,DE,EUR,318,378
mr-004,,424513,DEFAULT,DE,EUR,318,378
mr-004,M23473,,DEFAULT,DE,EUR,158,189
mr-004,,424516,DEFAULT,DE,EUR,158,189
mr-004,M23475,,DEFAULT,DE,EUR,302,360
mr-004,,424527,DEFAULT,DE,EUR,302,360
mr-004,M23476,,DEFAULT,DE,EUR,302,360
mr-004,,424528,DEFAULT,DE,EUR,302,360
mr-004,M23477,,DEFAULT,DE,EUR,302,360
mr-004,,424529,DEFAULT,DE,EUR,302,360
mr-004,M23478,,DEFAULT,DE,EUR,302,360
mr-004,,424530,DEFAULT,DE,EUR,302,360
mr-004,M23479,,DEFAULT,DE,EUR,478,569
mr-004,,424531,DEFAULT,DE,EUR,478,569
mr-004,M23482,,DEFAULT,DE,EUR,150,179
mr-004,,424542,DEFAULT,DE,EUR,150,179
mr-004,M23484,,DEFAULT,DE,EUR,189,225
mr-004,,424546,DEFAULT,DE,EUR,189,225
mr-004,M23486,,DEFAULT,DE,EUR,218,261
mr-004,,424549,DEFAULT,DE,EUR,218,261
mr-004,M23487,,DEFAULT,DE,EUR,218,261
mr-004,,424550,DEFAULT,DE,EUR,218,261
mr-004,M23488,,DEFAULT,DE,EUR,226,270
mr-004,,424551,DEFAULT,DE,EUR,226,270
mr-004,M23510,,DEFAULT,DE,EUR,546,650
mr-004,,424599,DEFAULT,DE,EUR,546,650
mr-004,M23512,,DEFAULT,DE,EUR,67,80
mr-004,,424605,DEFAULT,DE,EUR,67,80
mr-004,M23513,,DEFAULT,DE,EUR,72,86
mr-004,,424606,DEFAULT,DE,EUR,72,86
mr-004,M23720,,DEFAULT,DE,EUR,1032,1228
mr-004,,425073,DEFAULT,DE,EUR,1032,1228
mr-004,M23721,,DEFAULT,DE,EUR,1427,1698
mr-004,,425074,DEFAULT,DE,EUR,1427,1698
mr-004,M23722,,DEFAULT,DE,EUR,3664,4361
mr-004,,425075,DEFAULT,DE,EUR,3664,4361
mr-004,M23724,,DEFAULT,DE,EUR,645,767
mr-004,,425078,DEFAULT,DE,EUR,645,767
mr-004,M23723,,DEFAULT,DE,EUR,470,559
mr-004,,425079,DEFAULT,DE,EUR,470,559
mr-004,M23725,,DEFAULT,DE,EUR,1199,1427
mr-004,,425082,DEFAULT,DE,EUR,1199,1427
mr-004,M23726,,DEFAULT,DE,EUR,1307,1555
mr-004,,425083,DEFAULT,DE,EUR,1307,1555
mr-004,M23727,,DEFAULT,DE,EUR,1799,2142
mr-004,,425084,DEFAULT,DE,EUR,1799,2142
mr-004,M26415,,DEFAULT,DE,EUR,2323,2765
mr-004,,425086,DEFAULT,DE,EUR,2323,2765
mr-004,M23729,,DEFAULT,DE,EUR,1731,2060
mr-004,,425087,DEFAULT,DE,EUR,1731,2060
mr-004,M23730,,DEFAULT,DE,EUR,318,378
mr-004,,425088,DEFAULT,DE,EUR,318,378
mr-004,M23731,,DEFAULT,DE,EUR,363,432
mr-004,,425090,DEFAULT,DE,EUR,363,432
mr-004,M23732,,DEFAULT,DE,EUR,546,650
mr-004,,425093,DEFAULT,DE,EUR,546,650
mr-004,M26416,,DEFAULT,DE,EUR,2893,3443
mr-004,,425096,DEFAULT,DE,EUR,2893,3443
mr-004,M26417,,DEFAULT,DE,EUR,1101,1310
mr-004,,425097,DEFAULT,DE,EUR,1101,1310
mr-004,M26418,,DEFAULT,DE,EUR,1343,1598
mr-004,,425098,DEFAULT,DE,EUR,1343,1598
mr-004,M26419,,DEFAULT,DE,EUR,1807,2150
mr-004,,425099,DEFAULT,DE,EUR,1807,2150
mr-004,M26420,,DEFAULT,DE,EUR,1883,2241
mr-004,,425100,DEFAULT,DE,EUR,1883,2241
mr-004,M23751,,DEFAULT,DE,EUR,2218,2639
mr-004,,425123,DEFAULT,DE,EUR,2218,2639
mr-004,M23766,,DEFAULT,DE,EUR,758,903
mr-004,,425140,DEFAULT,DE,EUR,758,903
mr-004,M23770,,DEFAULT,DE,EUR,1366,1626
mr-004,,425149,DEFAULT,DE,EUR,1366,1626
mr-004,M23764,,DEFAULT,DE,EUR,1442,1717
mr-004,,425150,DEFAULT,DE,EUR,1442,1717
mr-004,M23771,,DEFAULT,DE,EUR,2050,2440
mr-004,,425152,DEFAULT,DE,EUR,2050,2440
mr-004,M23777,,DEFAULT,DE,EUR,922,1098
mr-004,,425159,DEFAULT,DE,EUR,922,1098
mr-004,M24143,,DEFAULT,DE,EUR,432,514
mr-004,,425751,DEFAULT,DE,EUR,432,514
mr-004,M24416,,DEFAULT,DE,EUR,4937,5875
mr-004,,426376,DEFAULT,DE,EUR,4937,5875
mr-004,M24417,,DEFAULT,DE,EUR,9041,10758
mr-004,,426377,DEFAULT,DE,EUR,9041,10758
mr-004,M24418,,DEFAULT,DE,EUR,12839,15279
mr-004,M24418,,ORIGINAL,DE,EUR,14266,16977
mr-004,,426378,DEFAULT,DE,EUR,12839,15279
mr-004,,426378,ORIGINAL,DE,EUR,14266,16977
mr-004,M24563,,DEFAULT,DE,EUR,1234,1469
mr-004,,426531,DEFAULT,DE,EUR,1234,1469
mr-004,M24605,,DEFAULT,DE,EUR,2821,3357
mr-004,M24605,,ORIGINAL,DE,EUR,3134,3730
mr-004,,426581,DEFAULT,DE,EUR,2821,3357
mr-004,,426581,ORIGINAL,DE,EUR,3134,3730
mr-004,M24606,,DEFAULT,DE,EUR,550,655
mr-004,,426582,DEFAULT,DE,EUR,550,655
mr-004,M24609,,DEFAULT,DE,EUR,5579,6639
mr-004,,426587,DEFAULT,DE,EUR,5579,6639
mr-004,M24610,,DEFAULT,DE,EUR,1970,2344
mr-004,,426588,DEFAULT,DE,EUR,1970,2344
mr-004,M24612,,DEFAULT,DE,EUR,1086,1292
mr-004,,426590,DEFAULT,DE,EUR,1086,1292
mr-004,M24613,,DEFAULT,DE,EUR,622,740
mr-004,,426591,DEFAULT,DE,EUR,622,740
mr-004,M24632,,DEFAULT,DE,EUR,7964,9477
mr-004,,426615,DEFAULT,DE,EUR,7964,9477
mr-004,M24637,,DEFAULT,DE,EUR,803,956
mr-004,,426620,DEFAULT,DE,EUR,803,956
mr-004,M25598,,DEFAULT,DE,EUR,890,1059
mr-004,,427913,DEFAULT,DE,EUR,890,1059
mr-004,M25599,,DEFAULT,DE,EUR,1645,1958
mr-004,,427914,DEFAULT,DE,EUR,1645,1958
mr-004,M25600,,DEFAULT,DE,EUR,1190,1416
mr-004,,427915,DEFAULT,DE,EUR,1190,1416
mr-004,M1002203,,DEFAULT,DE,EUR,12931,15388
mr-004,,463981,DEFAULT,DE,EUR,12931,15388
mr-004,M1014629,,DEFAULT,DE,EUR,27298,32484
mr-004,,463994,DEFAULT,DE,EUR,27298,32484
mr-004,M1024601,,DEFAULT,DE,EUR,31322,37273
mr-004,,464000,DEFAULT,DE,EUR,31322,37273
mr-004,M1015356,,DEFAULT,DE,EUR,31322,37273
mr-004,,464001,DEFAULT,DE,EUR,31322,37273
mr-004,M1015355,,DEFAULT,DE,EUR,31322,37273
mr-004,,464002,DEFAULT,DE,EUR,31322,37273
mr-004,M1014645,,DEFAULT,DE,EUR,56283,66977
mr-004,,464003,DEFAULT,DE,EUR,56283,66977
mr-004,M1014646,,DEFAULT,DE,EUR,148551,176776
mr-004,,464004,DEFAULT,DE,EUR,148551,176776
mr-004,M1014653,,DEFAULT,DE,EUR,47506,56533
mr-004,,464005,DEFAULT,DE,EUR,47506,56533
mr-004,M1014656,,DEFAULT,DE,EUR,38960,46400
mr-004,,464007,DEFAULT,DE,EUR,38960,46400
mr-004,M1014642,,DEFAULT,DE,EUR,39374,46855
mr-004,,464012,DEFAULT,DE,EUR,39374,46855
mr-004,M1014643,,DEFAULT,DE,EUR,44205,52604
mr-004,,464013,DEFAULT,DE,EUR,44205,52604
mr-004,M1014644,,DEFAULT,DE,EUR,50646,60270
mr-004,,464014,DEFAULT,DE,EUR,50646,60270
mr-004,M88181,,DEFAULT,DE,EUR,173118,206010
mr-004,,490001,DEFAULT,DE,EUR,173118,206010
mr-004,M88182,,DEFAULT,DE,EUR,197274,234756
mr-004,,490002,DEFAULT,DE,EUR,197274,234756
mr-004,M857,,DEFAULT,DE,EUR,20333,24196
mr-004,,500344,DEFAULT,DE,EUR,20333,24196
mr-004,M75730,,DEFAULT,DE,EUR,16278,19370
mr-004,,500380,DEFAULT,DE,EUR,16278,19370
mr-004,M852,,DEFAULT,DE,EUR,27346,32542
mr-004,,500487,DEFAULT,DE,EUR,27346,32542
mr-004,M58335,,DEFAULT,DE,EUR,27174,32337
mr-004,,500942,DEFAULT,DE,EUR,27174,32337
mr-004,M58336,,DEFAULT,DE,EUR,44943,53482
mr-004,,500946,DEFAULT,DE,EUR,44943,53482
mr-004,M58315,,DEFAULT,DE,EUR,23270,27691
mr-004,,501000,DEFAULT,DE,EUR,23270,27691
mr-004,M62306,,DEFAULT,DE,EUR,6151,7321
mr-004,,501022,DEFAULT,DE,EUR,6151,7321
mr-004,M62301,,DEFAULT,DE,EUR,4194,4992
mr-004,,501039,DEFAULT,DE,EUR,4194,4992
mr-004,M62305,,DEFAULT,DE,EUR,5281,6284
mr-004,,501040,DEFAULT,DE,EUR,5281,6284
mr-004,M68854,,DEFAULT,DE,EUR,49681,59120
mr-004,,501517,DEFAULT,DE,EUR,49681,59120
mr-004,M68726,,DEFAULT,DE,EUR,17311,20601
mr-004,,502173,DEFAULT,DE,EUR,17311,20601
mr-004,M68727,,DEFAULT,DE,EUR,18438,21942
mr-004,,502178,DEFAULT,DE,EUR,18438,21942
mr-004,M1896,,DEFAULT,DE,EUR,45398,54025
mr-004,,506670,DEFAULT,DE,EUR,45398,54025
mr-004,M858,,DEFAULT,DE,EUR,33974,40429
mr-004,,506719,DEFAULT,DE,EUR,33974,40429
mr-004,M859,,DEFAULT,DE,EUR,37741,44912
mr-004,,507871,DEFAULT,DE,EUR,37741,44912
mr-004,M75686,,DEFAULT,DE,EUR,37548,44682
mr-004,,507920,DEFAULT,DE,EUR,37548,44682
mr-004,M856,,DEFAULT,DE,EUR,19466,23164
mr-004,,508165,DEFAULT,DE,EUR,19466,23164
mr-004,M43347,,DEFAULT,DE,EUR,14550,17314
mr-004,,508321,DEFAULT,DE,EUR,14550,17314
mr-004,M75727,,DEFAULT,DE,EUR,46302,55100
mr-004,,508328,DEFAULT,DE,EUR,46302,55100
mr-004,M75700,,DEFAULT,DE,EUR,22260,26489
mr-004,,508330,DEFAULT,DE,EUR,22260,26489
mr-004,M75685,,DEFAULT,DE,EUR,38142,45389
mr-004,,508378,DEFAULT,DE,EUR,38142,45389
mr-004,M55895,,DEFAULT,DE,EUR,32127,38231
mr-004,,509070,DEFAULT,DE,EUR,32127,38231
mr-004,M1014874,,DEFAULT,DE,EUR,15218,18110
mr-004,,512067,DEFAULT,DE,EUR,15218,18110
mr-004,M1014866,,DEFAULT,DE,EUR,16023,19067
mr-004,,512081,DEFAULT,DE,EUR,16023,19067
mr-004,M1014871,,DEFAULT,DE,EUR,16023,19067
mr-004,,512086,DEFAULT,DE,EUR,16023,19067
mr-004,M1014870,,DEFAULT,DE,EUR,16023,19067
mr-004,,512094,DEFAULT,DE,EUR,16023,19067
mr-004,M1013168,,DEFAULT,DE,EUR,5870,6985
mr-004,,517598,DEFAULT,DE,EUR,5870,6985
mr-004,M1013287,,DEFAULT,DE,EUR,9855,11728
mr-004,,517630,DEFAULT,DE,EUR,9855,11728
mr-004,M1013541,,DEFAULT,DE,EUR,12246,14574
mr-004,,519762,DEFAULT,DE,EUR,12246,14574
mr-004,M1016129,,DEFAULT,DE,EUR,25363,30182
mr-004,,520561,DEFAULT,DE,EUR,25363,30182
mr-004,M55936,,DEFAULT,DE,EUR,17858,21251
mr-004,,544183,DEFAULT,DE,EUR,17858,21251
mr-004,M1028702,,DEFAULT,DE,EUR,56283,66977
mr-004,,573330,DEFAULT,DE,EUR,56283,66977
mr-004,M58227,,DEFAULT,DE,EUR,7854,9346
mr-004,,573872,DEFAULT,DE,EUR,7854,9346
mr-004,M58228,,DEFAULT,DE,EUR,10165,12096
mr-004,,573874,DEFAULT,DE,EUR,10165,12096
mr-004,M58230,,DEFAULT,DE,EUR,16281,19374
mr-004,,573878,DEFAULT,DE,EUR,16281,19374
mr-004,M58312,,DEFAULT,DE,EUR,15431,18363
mr-004,,573880,DEFAULT,DE,EUR,15431,18363
mr-004,M58313,,DEFAULT,DE,EUR,16143,19210
mr-004,,573882,DEFAULT,DE,EUR,16143,19210
mr-004,M58314,,DEFAULT,DE,EUR,16383,19496
mr-004,,573884,DEFAULT,DE,EUR,16383,19496
mr-004,M54107,,DEFAULT,DE,EUR,23976,28532
mr-004,,573887,DEFAULT,DE,EUR,23976,28532
mr-004,M54110,,DEFAULT,DE,EUR,45328,53941
mr-004,,573888,DEFAULT,DE,EUR,45328,53941
mr-004,M54111,,DEFAULT,DE,EUR,43954,52305
mr-004,,573889,DEFAULT,DE,EUR,43954,52305
mr-004,M54113,,DEFAULT,DE,EUR,80439,95722
mr-004,,573890,DEFAULT,DE,EUR,80439,95722
mr-004,M55937,,DEFAULT,DE,EUR,32127,38231
mr-004,,573906,DEFAULT,DE,EUR,32127,38231
mr-004,M1018211,,DEFAULT,DE,EUR,28987,34494
mr-004,,573939,DEFAULT,DE,EUR,28987,34494
mr-004,M635,,DEFAULT,DE,EUR,84143,100130
mr-004,,574598,DEFAULT,DE,EUR,84143,100130
mr-004,M1014496,,DEFAULT,DE,EUR,96221,114503
mr-004,,574599,DEFAULT,DE,EUR,96221,114503
mr-004,M636,,DEFAULT,DE,EUR,122793,146123
mr-004,,574601,DEFAULT,DE,EUR,122793,146123
mr-004,M74966,,DEFAULT,DE,EUR,122793,146123
mr-004,,574602,DEFAULT,DE,EUR,122793,146123
mr-004,M1014502,,DEFAULT,DE,EUR,126818,150914
mr-004,,574603,DEFAULT,DE,EUR,126818,150914
mr-004,M1028095,,DEFAULT,DE,EUR,6674,7943
mr-004,,574969,DEFAULT,DE,EUR,6674,7943
mr-004,M49320,,DEFAULT,DE,EUR,58698,69851
mr-004,,574971,DEFAULT,DE,EUR,58698,69851
mr-004,M78380,,DEFAULT,DE,EUR,60897,72468
mr-004,,574972,DEFAULT,DE,EUR,60897,72468
mr-004,M90850,,DEFAULT,DE,EUR,80439,95722
mr-004,,574973,DEFAULT,DE,EUR,80439,95722
mr-004,M1017945,,DEFAULT,DE,EUR,28906,34398
mr-004,,574987,DEFAULT,DE,EUR,28906,34398
mr-004,M1017905,,DEFAULT,DE,EUR,58449,69554
mr-004,M1017905,,ORIGINAL,DE,EUR,64942,77282
mr-004,,574995,DEFAULT,DE,EUR,58449,69554
mr-004,,574995,ORIGINAL,DE,EUR,64942,77282
mr-004,M72939,,DEFAULT,DE,EUR,42984,51151
mr-004,,575056,DEFAULT,DE,EUR,42984,51151
mr-004,M72940,,DEFAULT,DE,EUR,46610,55466
mr-004,,575057,DEFAULT,DE,EUR,46610,55466
mr-004,M72942,,DEFAULT,DE,EUR,51596,61399
mr-004,,575058,DEFAULT,DE,EUR,51596,61399
mr-004,M72943,,DEFAULT,DE,EUR,53031,63107
mr-004,,575059,DEFAULT,DE,EUR,53031,63107
mr-004,M72944,,DEFAULT,DE,EUR,55902,66524
mr-004,,575060,DEFAULT,DE,EUR,55902,66524
mr-004,M72945,,DEFAULT,DE,EUR,58773,69940
mr-004,,575061,DEFAULT,DE,EUR,58773,69940
mr-004,M1017902,,DEFAULT,DE,EUR,52956,63018
mr-004,,575065,DEFAULT,DE,EUR,52956,63018
mr-004,M1022632,,DEFAULT,DE,EUR,28745,34206
mr-004,,575186,DEFAULT,DE,EUR,28745,34206
mr-004,M1022643,,DEFAULT,DE,EUR,28745,34206
mr-004,,575191,DEFAULT,DE,EUR,28745,34206
mr-004,M1022640,,DEFAULT,DE,EUR,24438,29082
mr-004,,575193,DEFAULT,DE,EUR,24438,29082
mr-004,M1028061,,DEFAULT,DE,EUR,17790,21171
mr-004,,575257,DEFAULT,DE,EUR,17790,21171
mr-004,M1028062,,DEFAULT,DE,EUR,19339,23014
mr-004,,575260,DEFAULT,DE,EUR,19339,23014
mr-004,M1030133,,DEFAULT,DE,EUR,11709,13934
mr-004,,575284,DEFAULT,DE,EUR,11709,13934
mr-004,M29930,,DEFAULT,DE,EUR,747886,889983
mr-004,,621613,DEFAULT,DE,EUR,747886,889983
mr-004,M29929,,DEFAULT,DE,EUR,672342,800086
mr-004,,621614,DEFAULT,DE,EUR,672342,800086
mr-004,M29931,,DEFAULT,DE,EUR,619461,737158
mr-004,,621618,DEFAULT,DE,EUR,619461,737158
mr-004,M1028483,,DEFAULT,DE,EUR,17814,21199
mr-004,,632992,DEFAULT,DE,EUR,17814,21199
mr-004,M21705,,DEFAULT,DE,EUR,1291,1536
mr-004,,655941,DEFAULT,DE,EUR,1291,1536
mr-004,M83,,DEFAULT,DE,EUR,7826,9313
mr-004,,657712,DEFAULT,DE,EUR,7826,9313
mr-004,M84,,DEFAULT,DE,EUR,7826,9313
mr-004,,657713,DEFAULT,DE,EUR,7826,9313
mr-004,M85,,DEFAULT,DE,EUR,7826,9313
mr-004,,657714,DEFAULT,DE,EUR,7826,9313
mr-004,M86,,DEFAULT,DE,EUR,7826,9313
mr-004,,657715,DEFAULT,DE,EUR,7826,9313
mr-004,M87,,DEFAULT,DE,EUR,7826,9313
mr-004,,657716,DEFAULT,DE,EUR,7826,9313
mr-004,M111,,DEFAULT,DE,EUR,12842,15282
mr-004,,673327,DEFAULT,DE,EUR,12842,15282
mr-004,B0001,,DEFAULT,DE,EUR,83406,99218
mr-004,B0001,,ORIGINAL,DE,EUR,92639,110242
mr-004,,000101,DEFAULT,DE,EUR,83406,99218
mr-004,,000101,ORIGINAL,DE,EUR,92639,110242
mr-004,B0002,,DEFAULT,DE,EUR,23134,27530
mr-004,,000201,DEFAULT,DE,EUR,23134,27530
mr-004,M12656,,DEFAULT,DE,EUR,16152,19221
mr-004,,107255,DEFAULT,DE,EUR,16152,19221
mr-004,M61240,,DEFAULT,DE,CHF,14130,16814
mr-004,M61240,,ORIGINAL,DE,CHF,15699,18682
mr-004,,100107,DEFAULT,DE,CHF,14130,16814
mr-004,,100107,ORIGINAL,DE,CHF,15699,18682
mr-004,C2235,,DEFAULT,DE,CHF,7270,8652
mr-004,C2235,,ORIGINAL,DE,CHF,8078,9613
mr-004,,1001454,DEFAULT,DE,CHF,7270,8652
mr-004,,1001454,ORIGINAL,DE,CHF,8078,9613
mr-004,,100223,DEFAULT,DE,CHF,16179,19254
mr-004,,100223,ORIGINAL,DE,CHF,17977,21393
mr-004,M770,,DEFAULT,DE,CHF,23919,28465
mr-004,M770,,ORIGINAL,DE,CHF,26577,31627
mr-004,,100266,DEFAULT,DE,CHF,23919,28465
mr-004,,100266,ORIGINAL,DE,CHF,26577,31627
mr-004,M634,,DEFAULT,DE,CHF,121623,144731
mr-004,M634,,ORIGINAL,DE,CHF,135137,160812
mr-004,,100288,DEFAULT,DE,CHF,121623,144731
mr-004,,100288,ORIGINAL,DE,CHF,135137,160812
mr-004,M10569,,DEFAULT,DE,CHF,25683,30563
mr-004,M10569,,ORIGINAL,DE,CHF,28537,33958
mr-004,,100414,DEFAULT,DE,CHF,25683,30563
mr-004,,100414,ORIGINAL,DE,CHF,28537,33958
mr-004,M39654,,DEFAULT,DE,CHF,6409,7627
mr-004,M39654,,ORIGINAL,DE,CHF,7121,8474
mr-004,,100429,DEFAULT,DE,CHF,6409,7627
mr-004,,100429,ORIGINAL,DE,CHF,7121,8474
mr-004,M11222,,DEFAULT,DE,CHF,10485,12478
mr-004,M11222,,ORIGINAL,DE,CHF,11650,13864
mr-004,,100430,DEFAULT,DE,CHF,10485,12478
mr-004,,100430,ORIGINAL,DE,CHF,11650,13864
mr-004,M2393,,DEFAULT,DE,CHF,9404,11192
mr-004,M2393,,ORIGINAL,DE,CHF,10449,12435
mr-004,,100588,DEFAULT,DE,CHF,9404,11192
mr-004,,100588,ORIGINAL,DE,CHF,10449,12435
mr-004,M45050,,DEFAULT,DE,CHF,22111,26313
mr-004,M45050,,ORIGINAL,DE,CHF,24568,29236
mr-004,,100666,DEFAULT,DE,CHF,22111,26313
mr-004,,100666,ORIGINAL,DE,CHF,24568,29236
mr-004,M302,,DEFAULT,DE,CHF,9526,11337
mr-004,M302,,ORIGINAL,DE,CHF,10585,12596
mr-004,,100682,DEFAULT,DE,CHF,9526,11337
mr-004,,100682,ORIGINAL,DE,CHF,10585,12596
mr-004,M75601,,DEFAULT,DE,CHF,11835,14085
mr-004,M75601,,ORIGINAL,DE,CHF,13150,15650
mr-004,,100683,DEFAULT,DE,CHF,11835,14085
mr-004,,100683,ORIGINAL,DE,CHF,13150,15650
mr-004,M53238,,DEFAULT,DE,CHF,17434,20747
mr-004,M53238,,ORIGINAL,DE,CHF,19371,23052
mr-004,,100907,DEFAULT,DE,CHF,17434,20747
mr-004,,100907,ORIGINAL,DE,CHF,19371,23052
mr-004,M53331,,DEFAULT,DE,CHF,14355,17082
mr-004,M53331,,ORIGINAL,DE,CHF,15950,18980
mr-004,,100949,DEFAULT,DE,CHF,14355,17082
mr-004,,100949,ORIGINAL,DE,CHF,15950,18980
mr-004,M49344,,DEFAULT,DE,CHF,12830,15267
mr-004,M49344,,ORIGINAL,DE,CHF,14254,16963
mr-004,,100999,DEFAULT,DE,CHF,12830,15267
mr-004,,100999,ORIGINAL,DE,CHF,14254,16963
mr-004,M49207,,DEFAULT,DE,CHF,34506,41062
mr-004,M49207,,ORIGINAL,DE,CHF,38340,45624
mr-004,,101007,DEFAULT,DE,CHF,34506,41062
mr-004,,101007,ORIGINAL,DE,CHF,38340,45624
mr-004,M53235,,DEFAULT,DE,CHF,30748,36589
mr-004,M53235,,ORIGINAL,DE,CHF,34164,40654
mr-004,,101102,DEFAULT,DE,CHF,30748,36589
mr-004,,101102,ORIGINAL,DE,CHF,34164,40654
mr-004,M731,,DEFAULT,DE,CHF,27794,33075
mr-004,M731,,ORIGINAL,DE,CHF,30882,36750
mr-004,,101171,DEFAULT,DE,CHF,27794,33075
mr-004,,101171,ORIGINAL,DE,CHF,30882,36750
mr-004,M1028038,,DEFAULT,DE,CHF,15370,18291
mr-004,M1028038,,ORIGINAL,DE,CHF,17078,20323
mr-004,,101172,DEFAULT,DE,CHF,15370,18291
mr-004,,101172,ORIGINAL,DE,CHF,17078,20323
mr-004,M2495,,DEFAULT,DE,CHF,14725,17522
mr-004,M2495,,ORIGINAL,DE,CHF,16361,19469
mr-004,,101226,DEFAULT,DE,CHF,14725,17522
mr-004,,101226,ORIGINAL,DE,CHF,16361,19469
mr-004,M11480,,DEFAULT,DE,CHF,17458,20775
mr-004,M11480,,ORIGINAL,DE,CHF,19398,23083
mr-004,,101441,DEFAULT,DE,CHF,17458,20775
mr-004,,101441,ORIGINAL,DE,CHF,19398,23083
mr-004,M1014948,,DEFAULT,DE,CHF,16855,20058
mr-004,M1014948,,ORIGINAL,DE,CHF,18728,22286
mr-004,,101509,DEFAULT,DE,CHF,16855,20058
mr-004,,101509,ORIGINAL,DE,CHF,18728,22286
mr-004,M64933,,DEFAULT,DE,CHF,10490,12484
mr-004,M64933,,ORIGINAL,DE,CHF,11656,13870
mr-004,,101515,DEFAULT,DE,CHF,10490,12484
mr-004,,101515,ORIGINAL,DE,CHF,11656,13870
mr-004,M39658,,DEFAULT,DE,CHF,17499,20824
mr-004,M39658,,ORIGINAL,DE,CHF,19443,23138
mr-004,,101560,DEFAULT,DE,CHF,17499,20824
mr-004,,101560,ORIGINAL,DE,CHF,19443,23138
mr-004,M15226,,DEFAULT,DE,CHF,19560,23277
mr-004,M15226,,ORIGINAL,DE,CHF,21733,25862
mr-004,,101759,DEFAULT,DE,CHF,19560,23277
mr-004,,101759,ORIGINAL,DE,CHF,21733,25862
mr-004,M79890,,DEFAULT,DE,CHF,10021,11925
mr-004,M79890,,ORIGINAL,DE,CHF,11134,13250
mr-004,,101828,DEFAULT,DE,CHF,10021,11925
mr-004,,101828,ORIGINAL,DE,CHF,11134,13250
mr-004,M74972,,DEFAULT,DE,CHF,30112,35834
mr-004,M74972,,ORIGINAL,DE,CHF,33458,39814
mr-004,,101863,DEFAULT,DE,CHF,30112,35834
mr-004,,101863,ORIGINAL,DE,CHF,33458,39814
mr-004,M74974,,DEFAULT,DE,CHF,39423,46914
mr-004,M74974,,ORIGINAL,DE,CHF,43803,52126
mr-004,,101865,DEFAULT,DE,CHF,39423,46914
mr-004,,101865,ORIGINAL,DE,CHF,43803,52126
mr-004,M74907,,DEFAULT,DE,CHF,54473,64822
mr-004,M74907,,ORIGINAL,DE,CHF,60525,72024
mr-004,,101940,DEFAULT,DE,CHF,54473,64822
mr-004,,101940,ORIGINAL,DE,CHF,60525,72024
mr-004,M1018212,,DEFAULT,DE,CHF,39226,46680
mr-004,M1018212,,ORIGINAL,DE,CHF,43585,51866
mr-004,,102121,DEFAULT,DE,CHF,39226,46680
mr-004,,102121,ORIGINAL,DE,CHF,43585,51866
mr-004,M58035,,DEFAULT,DE,CHF,24900,29631
mr-004,M58035,,ORIGINAL,DE,CHF,27666,32923
mr-004,,102124,DEFAULT,DE,CHF,24900,29631
mr-004,,102124,ORIGINAL,DE,CHF,27666,32923
mr-004,,102126,DEFAULT,DE,CHF,24261,28870
mr-004,,102126,ORIGINAL,DE,CHF,26956,32078
mr-004,,102128,DEFAULT,DE,CHF,28836,34315
mr-004,,102128,ORIGINAL,DE,CHF,32040,38128
mr-004,,102130,DEFAULT,DE,CHF,29684,35324
mr-004,,102130,ORIGINAL,DE,CHF,32982,39249
mr-004,M58100,,DEFAULT,DE,CHF,24146,28733
mr-004,M58100,,ORIGINAL,DE,CHF,26828,31925
mr-004,,102169,DEFAULT,DE,CHF,24146,28733
mr-004,,102169,ORIGINAL,DE,CHF,26828,31925
mr-004,M58095,,DEFAULT,DE,CHF,14008,16670
mr-004,M58095,,ORIGINAL,DE,CHF,15564,18522
mr-004,,102177,DEFAULT,DE,CHF,14008,16670
mr-004,,102177,ORIGINAL,DE,CHF,15564,18522
mr-004,M58102,,DEFAULT,DE,CHF,15358,18276
mr-004,,102180,DEFAULT,DE,CHF,15358,18276
mr-004,M58103,,DEFAULT,DE,CHF,15358,18276
mr-004,,102181,DEFAULT,DE,CHF,15358,18276
mr-004,M58104,,DEFAULT,DE,CHF,15358,18276
mr-004,,102182,DEFAULT,DE,CHF,15358,18276
mr-004,M58105,,DEFAULT,DE,CHF,15358,18276
mr-004,,102183,DEFAULT,DE,CHF,15358,18276
mr-004,M61124,,DEFAULT,DE,CHF,14110,16790
mr-004,,102708,DEFAULT,DE,CHF,14110,16790
mr-004,M61125,,DEFAULT,DE,CHF,16675,19844
mr-004,,102712,DEFAULT,DE,CHF,16675,19844
mr-004,M53287,,DEFAULT,DE,CHF,11544,13738
mr-004,,102775,DEFAULT,DE,CHF,11544,13738
mr-004,M53288,,DEFAULT,DE,CHF,11886,14145
mr-004,,102779,DEFAULT,DE,CHF,11886,14145
mr-004,M226,,DEFAULT,DE,CHF,35661,42436
mr-004,,102809,DEFAULT,DE,CHF,35661,42436
mr-004,M62584,,DEFAULT,DE,CHF,15306,18215
mr-004,,102841,DEFAULT,DE,CHF,15306,18215
mr-004,M766,,DEFAULT,DE,CHF,17530,20862
mr-004,,102917,DEFAULT,DE,CHF,17530,20862
mr-004,M767,,DEFAULT,DE,CHF,18086,21522
mr-004,,102918,DEFAULT,DE,CHF,18086,21522
mr-004,M768,,DEFAULT,DE,CHF,19754,23507
mr-004,,102919,DEFAULT,DE,CHF,19754,23507
mr-004,M769,,DEFAULT,DE,CHF,21122,25135
mr-004,,102920,DEFAULT,DE,CHF,21122,25135
mr-004,M771,,DEFAULT,DE,CHF,22833,27171
mr-004,,102922,DEFAULT,DE,CHF,22833,27171
mr-004,M787,,DEFAULT,DE,CHF,21207,25238
mr-004,,102923,DEFAULT,DE,CHF,21207,25238
mr-004,M788,,DEFAULT,DE,CHF,22662,26967
mr-004,,102924,DEFAULT,DE,CHF,22662,26967
mr-004,M789,,DEFAULT,DE,CHF,23174,27578
mr-004,,102925,DEFAULT,DE,CHF,23174,27578
mr-004,,102935,DEFAULT,DE,CHF,11731,13961
mr-004,,102936,DEFAULT,DE,CHF,13383,15926
mr-004,,102938,DEFAULT,DE,CHF,15906,18928
mr-004,,102939,DEFAULT,DE,CHF,16846,20047
mr-004,M719,,DEFAULT,DE,CHF,17574,20913
mr-004,,102940,DEFAULT,DE,CHF,17574,20913
mr-004,M72878,,DEFAULT,DE,CHF,17246,20523
mr-004,,102972,DEFAULT,DE,CHF,17246,20523
mr-004,M64947,,DEFAULT,DE,CHF,12108,14410
mr-004,,102976,DEFAULT,DE,CHF,12108,14410
mr-004,M64934,,DEFAULT,DE,CHF,18727,22286
mr-004,,102988,DEFAULT,DE,CHF,18727,22286
mr-004,M40490,,DEFAULT,DE,CHF,23858,28392
mr-004,,103117,DEFAULT,DE,CHF,23858,28392
mr-004,M40491,,DEFAULT,DE,CHF,30700,36534
mr-004,,103118,DEFAULT,DE,CHF,30700,36534
mr-004,M11306,,DEFAULT,DE,CHF,13734,16342
mr-004,,103235,DEFAULT,DE,CHF,13734,16342
mr-004,M74815,,DEFAULT,DE,CHF,16162,19233
mr-004,,103296,DEFAULT,DE,CHF,16162,19233
mr-004,M66923,,DEFAULT,DE,CHF,8517,10134
mr-004,,103388,DEFAULT,DE,CHF,8517,10134
mr-004,M69408,,DEFAULT,DE,CHF,19411,23101
mr-004,,103510,DEFAULT,DE,CHF,19411,23101
mr-004,M1028049,,DEFAULT,DE,CHF,25570,30427
mr-004,,103740,DEFAULT,DE,CHF,25570,30427
mr-004,M72844,,DEFAULT,DE,CHF,58921,70116
mr-004,,103836,DEFAULT,DE,CHF,58921,70116
mr-004,M72843,,DEFAULT,DE,CHF,39252,46710
mr-004,,103838,DEFAULT,DE,CHF,39252,46710
mr-004,M72937,,DEFAULT,DE,CHF,45409,54038
mr-004,,103889,DEFAULT,DE,CHF,45409,54038
mr-004,M72938,,DEFAULT,DE,CHF,47034,55971
mr-004,,103890,DEFAULT,DE,CHF,47034,55971
mr-004,M72933,,DEFAULT,DE,CHF,36474,43403
mr-004,,103905,DEFAULT,DE,CHF,36474,43403
mr-004,M72935,,DEFAULT,DE,CHF,38098,45337
mr-004,,103907,DEFAULT,DE,CHF,38098,45337
mr-004,M26831,,DEFAULT,DE,CHF,58921,70116
mr-004,,104074,DEFAULT,DE,CHF,58921,70116
mr-004,M10577,,DEFAULT,DE,CHF,7499,8923
mr-004,,104151,DEFAULT,DE,CHF,7499,8923
mr-004,M10871,,DEFAULT,DE,CHF,8798,10471
mr-004,,104190,DEFAULT,DE,CHF,8798,10471
mr-004,M10872,,DEFAULT,DE,CHF,9338,11112
mr-004,,104192,DEFAULT,DE,CHF,9338,11112
mr-004,M11473,,DEFAULT,DE,CHF,9671,11509
mr-004,,104440,DEFAULT,DE,CHF,9671,11509
mr-004,M75071,,DEFAULT,DE,CHF,17750,21124
mr-004,,104445,DEFAULT,DE,CHF,17750,21124
mr-004,M11542,,DEFAULT,DE,CHF,8798,10471
mr-004,M11542,,ORIGINAL,DE,CHF,9776,11634
mr-004,,104517,DEFAULT,DE,CHF,8798,10471
mr-004,,104517,ORIGINAL,DE,CHF,9776,11634
mr-004,M2365,,DEFAULT,DE,CHF,21721,25847
mr-004,,104523,DEFAULT,DE,CHF,21721,25847
mr-004,M2366,,DEFAULT,DE,CHF,23398,27844
mr-004,,104524,DEFAULT,DE,CHF,23398,27844
mr-004,M526,,DEFAULT,DE,CHF,24279,28892
mr-004,,104937,DEFAULT,DE,CHF,24279,28892
mr-004,M528,,DEFAULT,DE,CHF,25202,29990
mr-004,M528,,ORIGINAL,DE,CHF,28002,33322
mr-004,,104939,DEFAULT,DE,CHF,25202,29990
mr-004,,104939,ORIGINAL,DE,CHF,28002,33322
mr-004,M79892,,DEFAULT,DE,CHF,11047,13147
mr-004,,107061,DEFAULT,DE,CHF,11047,13147
mr-004,M79932,,DEFAULT,DE,CHF,7620,9069
mr-004,,107063,DEFAULT,DE,CHF,7620,9069
mr-004,M80392,,DEFAULT,DE,CHF,15579,18540
mr-004,,107253,DEFAULT,DE,CHF,15579,18540
mr-004,,107252,DEFAULT,DE,CHF,17137,20394
mr-004,M12655,,DEFAULT,DE,CHF,15579,18540
mr-004,,107254,DEFAULT,DE,CHF,15579,18540
mr-004,M87416,,DEFAULT,DE,CHF,34355,40884
mr-004,,107273,DEFAULT,DE,CHF,34355,40884
mr-004,M87599,,DEFAULT,DE,CHF,59402,70689
mr-004,,107287,DEFAULT,DE,CHF,59402,70689
mr-004,M213,,DEFAULT,DE,CHF,21833,25981
mr-004,,107305,DEFAULT,DE,CHF,21833,25981
mr-004,M229,,DEFAULT,DE,CHF,28877,34364
mr-004,,107306,DEFAULT,DE,CHF,28877,34364
mr-004,M14054,,DEFAULT,DE,CHF,39052,46472
mr-004,,107310,DEFAULT,DE,CHF,39052,46472
mr-004,M15127,,DEFAULT,DE,CHF,21833,25981
mr-004,,107311,DEFAULT,DE,CHF,21833,25981
mr-004,M432,,DEFAULT,DE,CHF,49269,58630
mr-004,,107313,DEFAULT,DE,CHF,49269,58630
mr-004,M87464,,DEFAULT,DE,CHF,31225,37158
mr-004,,107315,DEFAULT,DE,CHF,31225,37158
mr-004,M86939,,DEFAULT,DE,CHF,16394,19510
mr-004,,107396,DEFAULT,DE,CHF,16394,19510
mr-004,M86938,,DEFAULT,DE,CHF,18042,21471
mr-004,,107403,DEFAULT,DE,CHF,18042,21471
mr-004,M90851,,DEFAULT,DE,CHF,110776,131824
mr-004,,107938,DEFAULT,DE,CHF,110776,131824
mr-004,M90810,,DEFAULT,DE,CHF,28877,34364
mr-004,,108263,DEFAULT,DE,CHF,28877,34364
mr-004,M90737,,DEFAULT,DE,CHF,13231,15744
mr-004,,108278,DEFAULT,DE,CHF,13231,15744
mr-004,M90800,,DEFAULT,DE,CHF,27312,32502
mr-004,,108287,DEFAULT,DE,CHF,27312,32502
mr-004,M90805,,DEFAULT,DE,CHF,40618,48334
mr-004,,108298,DEFAULT,DE,CHF,40618,48334
mr-004,M90806,,DEFAULT,DE,CHF,50834,60493
mr-004,,108302,DEFAULT,DE,CHF,50834,60493
mr-004,M1000785,,DEFAULT,DE,CHF,36992,44021
mr-004,,212427,DEFAULT,DE,CHF,36992,44021
mr-004,M1000786,,DEFAULT,DE,CHF,11076,13180
mr-004,,212440,DEFAULT,DE,CHF,11076,13180
mr-004,M1000838,,DEFAULT,DE,CHF,128854,153337
mr-004,,212442,DEFAULT,DE,CHF,128854,153337
mr-004,M1000839,,DEFAULT,DE,CHF,153136,182233
mr-004,,212444,DEFAULT,DE,CHF,153136,182233
mr-004,M1000840,,DEFAULT,DE,CHF,242724,288842
mr-004,,212447,DEFAULT,DE,CHF,242724,288842
mr-004,M1006484,,DEFAULT,DE,CHF,19385,23069
mr-004,,212837,DEFAULT,DE,CHF,19385,23069
mr-004,M1006811,,DEFAULT,DE,CHF,13099,15589
mr-004,,213103,DEFAULT,DE,CHF,13099,15589
mr-004,M1006871,,DEFAULT,DE,CHF,22162,26373
mr-004,,213216,DEFAULT,DE,CHF,22162,26373
mr-004,M5108,,DEFAULT,DE,CHF,8230,9794
mr-004,,400065,DEFAULT,DE,CHF,8230,9794
mr-004,M5043,,DEFAULT,DE,CHF,24510,29166
mr-004,,400072,DEFAULT,DE,CHF,24510,29166
mr-004,M5022,,DEFAULT,DE,CHF,16394,19510
mr-004,,400074,DEFAULT,DE,CHF,16394,19510
mr-004,M5113,,DEFAULT,DE,CHF,14746,17550
mr-004,,400434,DEFAULT,DE,CHF,14746,17550
mr-004,M65062,,DEFAULT,DE,CHF,135531,161282
mr-004,,400855,DEFAULT,DE,CHF,135531,161282
mr-004,M5154,,DEFAULT,DE,CHF,10010,11912
mr-004,,401627,DEFAULT,DE,CHF,10010,11912
mr-004,M5155,,DEFAULT,DE,CHF,14022,16686
mr-004,,401629,DEFAULT,DE,CHF,14022,16686
mr-004,M5147,,DEFAULT,DE,CHF,14418,17157
mr-004,,401768,DEFAULT,DE,CHF,14418,17157
mr-004,M5148,,DEFAULT,DE,CHF,19690,23432
mr-004,,401781,DEFAULT,DE,CHF,19690,23432
mr-004,M5044,,DEFAULT,DE,CHF,16238,19324
mr-004,,403006,DEFAULT,DE,CHF,16238,19324
mr-004,M70208,,DEFAULT,DE,CHF,18042,21471
mr-004,,403125,DEFAULT,DE,CHF,18042,21471
mr-004,M88184,,DEFAULT,DE,CHF,535535,637286
mr-004,,404108,DEFAULT,DE,CHF,535535,637286
mr-004,M1031236,,DEFAULT,DE,CHF,15241,18138
mr-004,,408034,DEFAULT,DE,CHF,15241,18138
mr-004,M1031238,,DEFAULT,DE,CHF,4770,5676
mr-004,,408104,DEFAULT,DE,CHF,4770,5676
mr-004,M90799,,DEFAULT,DE,CHF,31225,37158
mr-004,,410075,DEFAULT,DE,CHF,31225,37158
mr-004,M90802,,DEFAULT,DE,CHF,38270,45542
mr-004,,410083,DEFAULT,DE,CHF,38270,45542
mr-004,M1024684,,DEFAULT,DE,CHF,48444,57649
mr-004,,410090,DEFAULT,DE,CHF,48444,57649
mr-004,M1024689,,DEFAULT,DE,CHF,68053,80983
mr-004,,410102,DEFAULT,DE,CHF,68053,80983
mr-004,M90804,,DEFAULT,DE,CHF,21833,25981
mr-004,,410104,DEFAULT,DE,CHF,21833,25981
mr-004,M1080190,,DEFAULT,DE,CHF,24964,29706
mr-004,,411653,DEFAULT,DE,CHF,24964,29706
mr-004,M1079243,,DEFAULT,DE,CHF,16394,19510
mr-004,,413849,DEFAULT,DE,CHF,16394,19510
mr-004,M1079219,,DEFAULT,DE,CHF,32049,38138
mr-004,,413850,DEFAULT,DE,CHF,32049,38138
mr-004,M1079221,,DEFAULT,DE,CHF,14884,17714
mr-004,,413852,DEFAULT,DE,CHF,14884,17714
mr-004,M1079222,,DEFAULT,DE,CHF,26282,31275
mr-004,,413854,DEFAULT,DE,CHF,26282,31275
mr-004,M1028375,,DEFAULT,DE,CHF,66488,79121
mr-004,,414097,DEFAULT,DE,CHF,66488,79121
mr-004,M1028376,,DEFAULT,DE,CHF,70360,83729
mr-004,,414098,DEFAULT,DE,CHF,70360,83729
mr-004,M29455,,DEFAULT,DE,CHF,26282,31275
mr-004,M29455,,ORIGINAL,DE,CHF,29202,34750
mr-004,,419780,DEFAULT,DE,CHF,26282,31275
mr-004,,419780,ORIGINAL,DE,CHF,29202,34750
mr-004,M29456,,DEFAULT,DE,CHF,20536,24438
mr-004,,419781,DEFAULT,DE,CHF,20536,24438
mr-004,,419782,DEFAULT,DE,CHF,16429,19550
mr-004,M29468,,DEFAULT,DE,CHF,45455,54092
mr-004,,419803,DEFAULT,DE,CHF,45455,54092
mr-004,M29499,,DEFAULT,DE,CHF,2569,3057
mr-004,,419869,DEFAULT,DE,CHF,2569,3057
mr-004,M29501,,DEFAULT,DE,CHF,22254,26483
mr-004,,419871,DEFAULT,DE,CHF,22254,26483
mr-004,M29502,,DEFAULT,DE,CHF,2998,3567
mr-004,,419872,DEFAULT,DE,CHF,2998,3567
mr-004,M29503,,DEFAULT,DE,CHF,4717,5613
mr-004,,419873,DEFAULT,DE,CHF,4717,5613
mr-004,M29504,,DEFAULT,DE,CHF,25691,30574
mr-004,,419876,DEFAULT,DE,CHF,25691,30574
mr-004,M29507,,DEFAULT,DE,CHF,17098,20348
mr-004,,419880,DEFAULT,DE,CHF,17098,20348
mr-004,M29523,,DEFAULT,DE,CHF,42018,50002
mr-004,,419897,DEFAULT,DE,CHF,42018,50002
mr-004,M29524,,DEFAULT,DE,CHF,29988,35686
mr-004,M29524,,ORIGINAL,DE,CHF,33320,39651
mr-004,,419898,DEFAULT,DE,CHF,29988,35686
mr-004,,419898,ORIGINAL,DE,CHF,33320,39651
mr-004,M29525,,DEFAULT,DE,CHF,8762,10427
mr-004,,419900,DEFAULT,DE,CHF,8762,10427
mr-004,M29526,,DEFAULT,DE,CHF,8762,10427
mr-004,,419901,DEFAULT,DE,CHF,8762,10427
mr-004,M29529,,DEFAULT,DE,CHF,70625,84044
mr-004,M29529,,ORIGINAL,DE,CHF,78472,93382
mr-004,,419904,DEFAULT,DE,CHF,70625,84044
mr-004,,419904,ORIGINAL,DE,CHF,78472,93382
mr-004,M29530,,DEFAULT,DE,CHF,81076,96481
mr-004,M29530,,ORIGINAL,DE,CHF,90084,107201
mr-004,,419905,DEFAULT,DE,CHF,81076,96481
mr-004,,419905,ORIGINAL,DE,CHF,90084,107201
mr-004,M21062,,DEFAULT,DE,CHF,396,471
mr-004,,420506,DEFAULT,DE,CHF,396,471
mr-004,M21066,,DEFAULT,DE,CHF,223,266
mr-004,,420514,DEFAULT,DE,CHF,223,266
mr-004,M21067,,DEFAULT,DE,CHF,258,307
mr-004,,420520,DEFAULT,DE,CHF,258,307
mr-004,M21073,,DEFAULT,DE,CHF,510,606
mr-004,,420527,DEFAULT,DE,CHF,510,606
mr-004,M21090,,DEFAULT,DE,CHF,1663,1978
mr-004,,420549,DEFAULT,DE,CHF,1663,1978
mr-004,M21091,,DEFAULT,DE,CHF,2558,3046
mr-004,,420550,DEFAULT,DE,CHF,2558,3046
mr-004,M21092,,DEFAULT,DE,CHF,864,1028
mr-004,,420551,DEFAULT,DE,CHF,864,1028
mr-004,M21093,,DEFAULT,DE,CHF,2498,2974
mr-004,,420554,DEFAULT,DE,CHF,2498,2974
mr-004,M21094,,DEFAULT,DE,CHF,9513,11320
mr-004,,420555,DEFAULT,DE,CHF,9513,11320
mr-004,M21097,,DEFAULT,DE,CHF,1776,2114
mr-004,,420562,DEFAULT,DE,CHF,1776,2114
mr-004,M21099,,DEFAULT,DE,CHF,760,904
mr-004,,420565,DEFAULT,DE,CHF,760,904
mr-004,M21100,,DEFAULT,DE,CHF,1210,1440
mr-004,,420566,DEFAULT,DE,CHF,1210,1440
mr-004,M21101,,DEFAULT,DE,CHF,1848,2200
mr-004,,420567,DEFAULT,DE,CHF,1848,2200
mr-004,M21103,,DEFAULT,DE,CHF,1990,2367
mr-004,,420573,DEFAULT,DE,CHF,1990,2367
mr-004,M21104,,DEFAULT,DE,CHF,6966,8290
mr-004,,420574,DEFAULT,DE,CHF,6966,8290
mr-004,M21105,,DEFAULT,DE,CHF,1816,2161
mr-004,,420575,DEFAULT,DE,CHF,1816,2161
mr-004,M21189,,DEFAULT,DE,CHF,604,719
mr-004,,420685,DEFAULT,DE,CHF,360,432
mr-004,M21190,,DEFAULT,DE,CHF,370,441
mr-004,M21190,,ORIGINAL,DE,CHF,410,490
mr-004,,420687,DEFAULT,DE,CHF,370,441
mr-004,,420687,ORIGINAL,DE,CHF,410,490
mr-004,M21191,,DEFAULT,DE,CHF,278,330
mr-004,,420689,DEFAULT,DE,CHF,278,330
mr-004,M21193,,DEFAULT,DE,CHF,671,798
mr-004,,420691,DEFAULT,DE,CHF,671,798
mr-004,M21194,,DEFAULT,DE,CHF,445,529
mr-004,,420692,DEFAULT,DE,CHF,445,529
mr-004,M21195,,DEFAULT,DE,CHF,323,385
mr-004,,420694,DEFAULT,DE,CHF,323,385
mr-004,M21196,,DEFAULT,DE,CHF,724,862
mr-004,,420695,DEFAULT,DE,CHF,724,862
mr-004,M21197,,DEFAULT,DE,CHF,943,1122
mr-004,,420696,DEFAULT,DE,CHF,943,1122
mr-004,M21200,,DEFAULT,DE,CHF,330,394
mr-004,,420706,DEFAULT,DE,CHF,330,394
mr-004,M21201,,DEFAULT,DE,CHF,323,385
mr-004,,420707,DEFAULT,DE,CHF,323,385
mr-004,M21202,,DEFAULT,DE,CHF,798,951
mr-004,,420708,DEFAULT,DE,CHF,798,951
mr-004,M21203,,DEFAULT,DE,CHF,798,951
mr-004,,420709,DEFAULT,DE,CHF,798,951
mr-004,M21205,,DEFAULT,DE,CHF,187,223
mr-004,,420712,DEFAULT,DE,CHF,187,223
mr-004,M21296,,DEFAULT,DE,CHF,906,1078
mr-004,,420836,DEFAULT,DE,CHF,906,1078
mr-004,M21299,,DEFAULT,DE,CHF,2795,3326
mr-004,,420845,DEFAULT,DE,CHF,2795,3326
mr-004,M21635,,DEFAULT,DE,CHF,1094,1302
mr-004,,421245,DEFAULT,DE,CHF,1094,1302
mr-004,M21636,,DEFAULT,DE,CHF,762,907
mr-004,,421246,DEFAULT,DE,CHF,762,907
mr-004,M21637,,DEFAULT,DE,CHF,429,510
mr-004,,421247,DEFAULT,DE,CHF,429,510
mr-004,M21638,,DEFAULT,DE,CHF,528,628
mr-004,,421248,DEFAULT,DE,CHF,528,628
mr-004,M21646,,DEFAULT,DE,CHF,194,232
mr-004,,421261,DEFAULT,DE,CHF,194,232
mr-004,M21648,,DEFAULT,DE,CHF,648,771
mr-004,,421263,DEFAULT,DE,CHF,648,771
mr-004,M21650,,DEFAULT,DE,CHF,414,493
mr-004,,421265,DEFAULT,DE,CHF,414,493
mr-004,M21679,,DEFAULT,DE,CHF,474,565
mr-004,,421322,DEFAULT,DE,CHF,474,565
mr-004,M21680,,DEFAULT,DE,CHF,406,483
mr-004,,421323,DEFAULT,DE,CHF,406,483
mr-004,M21681,,DEFAULT,DE,CHF,474,565
mr-004,,421324,DEFAULT,DE,CHF,474,565
mr-004,M21684,,DEFAULT,DE,CHF,240,286
mr-004,,421327,DEFAULT,DE,CHF,240,286
mr-004,M21690,,DEFAULT,DE,CHF,474,565
mr-004,,421339,DEFAULT,DE,CHF,474,565
mr-004,,421340,DEFAULT,DE,CHF,474,565
mr-004,M21691,,DEFAULT,DE,CHF,474,565
mr-004,,421341,DEFAULT,DE,CHF,474,565
mr-004,,421342,DEFAULT,DE,CHF,474,565
mr-004,M21692,,DEFAULT,DE,CHF,474,565
mr-004,,421343,DEFAULT,DE,CHF,474,565
mr-004,,421344,DEFAULT,DE,CHF,474,565
mr-004,M21693,,DEFAULT,DE,CHF,474,565
mr-004,,421345,DEFAULT,DE,CHF,474,565
mr-004,,421346,DEFAULT,DE,CHF,474,565
mr-004,M21694,,DEFAULT,DE,CHF,595,708
mr-004,,421347,DEFAULT,DE,CHF,595,708
mr-004,M21703,,DEFAULT,DE,CHF,376,447
mr-004,,421378,DEFAULT,DE,CHF,376,447
mr-004,M21708,,DEFAULT,DE,CHF,414,493
mr-004,,421418,DEFAULT,DE,CHF,414,493
mr-004,M21704,,DEFAULT,DE,CHF,278,330
mr-004,,421425,DEFAULT,DE,CHF,278,330
mr-004,M21711,,DEFAULT,DE,CHF,339,402
mr-004,,421426,DEFAULT,DE,CHF,339,402
mr-004,M21713,,DEFAULT,DE,CHF,785,934
mr-004,,421428,DEFAULT,DE,CHF,785,934
mr-004,M21714,,DEFAULT,DE,CHF,770,915
mr-004,,421432,DEFAULT,DE,CHF,770,915
mr-004,M21715,,DEFAULT,DE,CHF,445,529
mr-004,,421433,DEFAULT,DE,CHF,445,529
mr-004,M21716,,DEFAULT,DE,CHF,498,591
mr-004,,421435,DEFAULT,DE,CHF,498,591
mr-004,M21717,,DEFAULT,DE,CHF,187,223
mr-004,,421436,DEFAULT,DE,CHF,187,223
mr-004,M21740,,DEFAULT,DE,CHF,301,358
mr-004,,421475,DEFAULT,DE,CHF,301,358
mr-004,M21741,,DEFAULT,DE,CHF,301,358
mr-004,,421476,DEFAULT,DE,CHF,301,358
mr-004,M21742,,DEFAULT,DE,CHF,301,358
mr-004,,421477,DEFAULT,DE,CHF,301,358
mr-004,M21743,,DEFAULT,DE,CHF,301,358
mr-004,,421478,DEFAULT,DE,CHF,301,358
mr-004,M21744,,DEFAULT,DE,CHF,339,402
mr-004,,421479,DEFAULT,DE,CHF,339,402
mr-004,M21745,,DEFAULT,DE,CHF,906,1078
mr-004,,421481,DEFAULT,DE,CHF,906,1078
mr-004,M21759,,DEFAULT,DE,CHF,2265,2695
mr-004,M21759,,ORIGINAL,DE,CHF,2516,2994
mr-004,,421511,DEFAULT,DE,CHF,2265,2695
mr-004,,421511,ORIGINAL,DE,CHF,2516,2994
mr-004,M21766,,DEFAULT,DE,CHF,207,246
mr-004,,421519,DEFAULT,DE,CHF,207,246
mr-004,,421519_1,DEFAULT,DE,CHF,1036,1232
mr-004,,421519_2,DEFAULT,DE,CHF,2072,2464
mr-004,,421519_3,DEFAULT,DE,CHF,3108,3696
mr-004,M21771,,DEFAULT,DE,CHF,200,238
mr-004,,421530,DEFAULT,DE,CHF,200,238
mr-004,M21772,,DEFAULT,DE,CHF,2791,3321
mr-004,,421531,DEFAULT,DE,CHF,2791,3321
mr-004,M21773,,DEFAULT,DE,CHF,3194,3801
mr-004,,421533,DEFAULT,DE,CHF,3194,3801
mr-004,M21774,,DEFAULT,DE,CHF,1286,1530
mr-004,,421534,DEFAULT,DE,CHF,1286,1530
mr-004,M21777,,DEFAULT,DE,CHF,1102,1310
mr-004,,421538,DEFAULT,DE,CHF,1102,1310
mr-004,M21778,,DEFAULT,DE,CHF,1102,1310
mr-004,,421539,DEFAULT,DE,CHF,1102,1310
mr-004,M21779,,DEFAULT,DE,CHF,2366,2814
mr-004,,421540,DEFAULT,DE,CHF,2366,2814
mr-004,M21903,,DEFAULT,DE,CHF,828,985
mr-004,,421768,DEFAULT,DE,CHF,828,985
mr-004,M22230,,DEFAULT,DE,CHF,803,956
mr-004,,422524,DEFAULT,DE,CHF,803,956
mr-004,M22232,,DEFAULT,DE,CHF,594,706
mr-004,,422528,DEFAULT,DE,CHF,594,706
mr-004,M22269,,DEFAULT,DE,CHF,682,812
mr-004,,422573,DEFAULT,DE,CHF,682,812
mr-004,M22397,,DEFAULT,DE,CHF,288,342
mr-004,,422721,DEFAULT,DE,CHF,288,342
mr-004,M22398,,DEFAULT,DE,CHF,36,43
mr-004,,422722,DEFAULT,DE,CHF,36,43
mr-004,M22410,,DEFAULT,DE,CHF,562,669
mr-004,,422741,DEFAULT,DE,CHF,562,669
mr-004,M22411,,DEFAULT,DE,CHF,562,669
mr-004,,422743,DEFAULT,DE,CHF,562,669
mr-004,M22412,,DEFAULT,DE,CHF,965,1148
mr-004,,422745,DEFAULT,DE,CHF,965,1148
mr-004,M22432,,DEFAULT,DE,CHF,441,525
mr-004,,422780,DEFAULT,DE,CHF,441,525
mr-004,M22484,,DEFAULT,DE,CHF,68,82
mr-004,,422855,DEFAULT,DE,CHF,68,82
mr-004,M22613,,DEFAULT,DE,CHF,159,190
mr-004,,423105,DEFAULT,DE,CHF,159,190
mr-004,M22660,,DEFAULT,DE,CHF,79,94
mr-004,M22660,,ORIGINAL,DE,CHF,88,104
mr-004,,423172,DEFAULT,DE,CHF,79,94
mr-004,,423172,ORIGINAL,DE,CHF,88,104
mr-004,M22661,,DEFAULT,DE,CHF,79,94
mr-004,,423173,DEFAULT,DE,CHF,79,94
mr-004,M22662,,DEFAULT,DE,CHF,79,94
mr-004,,423174,DEFAULT,DE,CHF,79,94
mr-004,M22663,,DEFAULT,DE,CHF,79,94
mr-004,M22663,,ORIGINAL,DE,CHF,88,104
mr-004,,423175,DEFAULT,DE,CHF,79,94
mr-004,,423175,ORIGINAL,DE,CHF,88,104
mr-004,M22664,,DEFAULT,DE,CHF,75,90
mr-004,,423178,DEFAULT,DE,CHF,75,90
mr-004,M22682,,DEFAULT,DE,CHF,4205,5004
mr-004,,423237,DEFAULT,DE,CHF,4205,5004
mr-004,M22293,,DEFAULT,DE,CHF,138,164
mr-004,,423383,DEFAULT,DE,CHF,138,164
mr-004,M22796,,DEFAULT,DE,CHF,83,100
mr-004,M22796,,ORIGINAL,DE,CHF,92,110
mr-004,,423452,DEFAULT,DE,CHF,83,100
mr-004,,423452,ORIGINAL,DE,CHF,92,110
mr-004,M22797,,DEFAULT,DE,CHF,79,94
mr-004,,423456,DEFAULT,DE,CHF,79,94
mr-004,M23067,,DEFAULT,DE,CHF,3082,3668
mr-004,,423909,DEFAULT,DE,CHF,3082,3668
mr-004,M23340,,DEFAULT,DE,CHF,674,802
mr-004,,424265,DEFAULT,DE,CHF,674,802
mr-004,M23343,,DEFAULT,DE,CHF,994,1182
mr-004,,424270,DEFAULT,DE,CHF,994,1182
mr-004,M23345,,DEFAULT,DE,CHF,450,534
mr-004,,424273,DEFAULT,DE,CHF,450,534
mr-004,M23432,,DEFAULT,DE,CHF,50,60
mr-004,,424372,DEFAULT,DE,CHF,50,60
mr-004,M23436,,DEFAULT,DE,CHF,110,131
mr-004,,424384,DEFAULT,DE,CHF,110,131
mr-004,M23438,,DEFAULT,DE,CHF,127,152
mr-004,,424390,DEFAULT,DE,CHF,127,152
mr-004,M23440,,DEFAULT,DE,CHF,127,152
mr-004,,424397,DEFAULT,DE,CHF,127,152
mr-004,M23441,,DEFAULT,DE,CHF,127,152
mr-004,,424400,DEFAULT,DE,CHF,127,152
mr-004,M23444,,DEFAULT,DE,CHF,163,194
mr-004,,424409,DEFAULT,DE,CHF,163,194
mr-004,M23450,,DEFAULT,DE,CHF,120,142
mr-004,,424430,DEFAULT,DE,CHF,120,142
mr-004,M23451,,DEFAULT,DE,CHF,120,142
mr-004,,424431,DEFAULT,DE,CHF,120,142
mr-004,M23454,,DEFAULT,DE,CHF,136,163
mr-004,,424442,DEFAULT,DE,CHF,136,163
mr-004,M23455,,DEFAULT,DE,CHF,136,163
mr-004,,424447,DEFAULT,DE,CHF,136,163
mr-004,M23456,,DEFAULT,DE,CHF,249,297
mr-004,,424449,DEFAULT,DE,CHF,249,297
mr-004,M23457,,DEFAULT,DE,CHF,223,266
mr-004,,424453,DEFAULT,DE,CHF,223,266
mr-004,M23459,,DEFAULT,DE,CHF,630,751
mr-004,,424463,DEFAULT,DE,CHF,630,751
mr-004,M23460,,DEFAULT,DE,CHF,302,359
mr-004,,424464,DEFAULT,DE,CHF,302,359
mr-004,M23461,,DEFAULT,DE,CHF,163,194
mr-004,,424466,DEFAULT,DE,CHF,163,194
mr-004,M23462,,DEFAULT,DE,CHF,140,166
mr-004,,424472,DEFAULT,DE,CHF,140,166
mr-004,M23463,,DEFAULT,DE,CHF,140,166
mr-004,,424475,DEFAULT,DE,CHF,140,166
mr-004,M23467,,DEFAULT,DE,CHF,249,297
mr-004,,424493,DEFAULT,DE,CHF,249,297
mr-004,M23468,,DEFAULT,DE,CHF,258,307
mr-004,,424496,DEFAULT,DE,CHF,258,307
mr-004,M23469,,DEFAULT,DE,CHF,336,401
mr-004,,424503,DEFAULT,DE,CHF,336,401
mr-004,M23470,,DEFAULT,DE,CHF,276,328
mr-004,,424506,DEFAULT,DE,CHF,276,328
mr-004,M23471,,DEFAULT,DE,CHF,215,256
mr-004,,424510,DEFAULT,DE,CHF,215,256
mr-004,M23472,,DEFAULT,DE,CHF,362,431
mr-004,,424513,DEFAULT,DE,CHF,362,431
mr-004,M23473,,DEFAULT,DE,CHF,180,215
mr-004,,424516,DEFAULT,DE,CHF,180,215
mr-004,M23475,,DEFAULT,DE,CHF,344,410
mr-004,,424527,DEFAULT,DE,CHF,344,410
mr-004,M23476,,DEFAULT,DE,CHF,344,410
mr-004,,424528,DEFAULT,DE,CHF,344,410
mr-004,M23477,,DEFAULT,DE,CHF,344,410
mr-004,,424529,DEFAULT,DE,CHF,344,410
mr-004,M23478,,DEFAULT,DE,CHF,344,410
mr-004,,424530,DEFAULT,DE,CHF,344,410
mr-004,M23479,,DEFAULT,DE,CHF,544,648
mr-004,,424531,DEFAULT,DE,CHF,544,648
mr-004,M23482,,DEFAULT,DE,CHF,171,204
mr-004,,424542,DEFAULT,DE,CHF,171,204
mr-004,M23484,,DEFAULT,DE,CHF,215,256
mr-004,,424546,DEFAULT,DE,CHF,215,256
mr-004,M23486,,DEFAULT,DE,CHF,249,297
mr-004,,424549,DEFAULT,DE,CHF,249,297
mr-004,M23487,,DEFAULT,DE,CHF,249,297
mr-004,,424550,DEFAULT,DE,CHF,249,297
mr-004,M23488,,DEFAULT,DE,CHF,258,307
mr-004,,424551,DEFAULT,DE,CHF,258,307
mr-004,M23510,,DEFAULT,DE,CHF,622,740
mr-004,,424599,DEFAULT,DE,CHF,622,740
mr-004,M23512,,DEFAULT,DE,CHF,76,90
mr-004,,424605,DEFAULT,DE,CHF,76,90
mr-004,M23513,,DEFAULT,DE,CHF,82,97
mr-004,,424606,DEFAULT,DE,CHF,82,97
mr-004,M23720,,DEFAULT,DE,CHF,1176,1399
mr-004,,425073,DEFAULT,DE,CHF,1176,1399
mr-004,M23721,,DEFAULT,DE,CHF,1626,1936
mr-004,,425074,DEFAULT,DE,CHF,1626,1936
mr-004,M23722,,DEFAULT,DE,CHF,4177,4971
mr-004,,425075,DEFAULT,DE,CHF,4177,4971
mr-004,M23724,,DEFAULT,DE,CHF,734,874
mr-004,,425078,DEFAULT,DE,CHF,734,874
mr-004,M23723,,DEFAULT,DE,CHF,535,637
mr-004,,425079,DEFAULT,DE,CHF,535,637
mr-004,M23725,,DEFAULT,DE,CHF,1366,1626
mr-004,,425082,DEFAULT,DE,CHF,1366,1626
mr-004,M23726,,DEFAULT,DE,CHF,1490,1773
mr-004,,425083,DEFAULT,DE,CHF,1490,1773
mr-004,M23727,,DEFAULT,DE,CHF,2050,2441
mr-004,,425084,DEFAULT,DE,CHF,2050,2441
mr-004,M26415,,DEFAULT,DE,CHF,2648,3151
mr-004,,425086,DEFAULT,DE,CHF,2648,3151
mr-004,M23729,,DEFAULT,DE,CHF,1973,2348
mr-004,,425087,DEFAULT,DE,CHF,1973,2348
mr-004,M23730,,DEFAULT,DE,CHF,362,431
mr-004,,425088,DEFAULT,DE,CHF,362,431
mr-004,M23731,,DEFAULT,DE,CHF,414,492
mr-004,,425090,DEFAULT,DE,CHF,414,492
mr-004,M23732,,DEFAULT,DE,CHF,622,740
mr-004,,425093,DEFAULT,DE,CHF,622,740
mr-004,M26416,,DEFAULT,DE,CHF,3298,3925
mr-004,,425096,DEFAULT,DE,CHF,3298,3925
mr-004,M26417,,DEFAULT,DE,CHF,1254,1493
mr-004,,425097,DEFAULT,DE,CHF,1254,1493
mr-004,M26418,,DEFAULT,DE,CHF,1531,1822
mr-004,,425098,DEFAULT,DE,CHF,1531,1822
mr-004,M26419,,DEFAULT,DE,CHF,2060,2451
mr-004,,425099,DEFAULT,DE,CHF,2060,2451
mr-004,M26420,,DEFAULT,DE,CHF,2146,2554
mr-004,,425100,DEFAULT,DE,CHF,2146,2554
mr-004,M23751,,DEFAULT,DE,CHF,2528,3008
mr-004,,425123,DEFAULT,DE,CHF,2528,3008
mr-004,M23766,,DEFAULT,DE,CHF,864,1030
mr-004,,425140,DEFAULT,DE,CHF,864,1030
mr-004,M23770,,DEFAULT,DE,CHF,1558,1854
mr-004,,425149,DEFAULT,DE,CHF,1558,1854
mr-004,M23764,,DEFAULT,DE,CHF,1644,1957
mr-004,,425150,DEFAULT,DE,CHF,1644,1957
mr-004,M23771,,DEFAULT,DE,CHF,2337,2781
mr-004,,425152,DEFAULT,DE,CHF,2337,2781
mr-004,M23777,,DEFAULT,DE,CHF,1051,1251
mr-004,,425159,DEFAULT,DE,CHF,1051,1251
mr-004,M24143,,DEFAULT,DE,CHF,492,585
mr-004,,425751,DEFAULT,DE,CHF,492,585
mr-004,M24416,,DEFAULT,DE,CHF,5627,6698
mr-004,,426376,DEFAULT,DE,CHF,5627,6698
mr-004,M24417,,DEFAULT,DE,CHF,10306,12264
mr-004,,426377,DEFAULT,DE,CHF,10306,12264
mr-004,M24418,,DEFAULT,DE,CHF,14636,17418
mr-004,M24418,,ORIGINAL,DE,CHF,16262,19353
mr-004,,426378,DEFAULT,DE,CHF,14636,17418
mr-004,,426378,ORIGINAL,DE,CHF,16262,19353
mr-004,M24563,,DEFAULT,DE,CHF,1407,1674
mr-004,,426531,DEFAULT,DE,CHF,1407,1674
mr-004,M24605,,DEFAULT,DE,CHF,3215,3826
mr-004,M24605,,ORIGINAL,DE,CHF,3572,4251
mr-004,,426581,DEFAULT,DE,CHF,3215,3826
mr-004,,426581,ORIGINAL,DE,CHF,3572,4251
mr-004,M24606,,DEFAULT,DE,CHF,627,746
mr-004,,426582,DEFAULT,DE,CHF,627,746
mr-004,M24609,,DEFAULT,DE,CHF,6360,7568
mr-004,,426587,DEFAULT,DE,CHF,6360,7568
mr-004,M24610,,DEFAULT,DE,CHF,2245,2672
mr-004,,426588,DEFAULT,DE,CHF,2245,2672
mr-004,M24612,,DEFAULT,DE,CHF,1237,1473
mr-004,,426590,DEFAULT,DE,CHF,1237,1473
mr-004,M24613,,DEFAULT,DE,CHF,709,843
mr-004,,426591,DEFAULT,DE,CHF,709,843
mr-004,M24632,,DEFAULT,DE,CHF,9078,10803
mr-004,,426615,DEFAULT,DE,CHF,9078,10803
mr-004,M24637,,DEFAULT,DE,CHF,915,1090
mr-004,,426620,DEFAULT,DE,CHF,915,1090
mr-004,M25598,,DEFAULT,DE,CHF,1014,1207
mr-004,,427913,DEFAULT,DE,CHF,1014,1207
mr-004,M25599,,DEFAULT,DE,CHF,1874,2231
mr-004,,427914,DEFAULT,DE,CHF,1874,2231
mr-004,M25600,,DEFAULT,DE,CHF,1356,1614
mr-004,,427915,DEFAULT,DE,CHF,1356,1614
mr-004,M1002203,,DEFAULT,DE,CHF,14741,17542
mr-004,,463981,DEFAULT,DE,CHF,14741,17542
mr-004,M1014629,,DEFAULT,DE,CHF,31119,37031
mr-004,,463994,DEFAULT,DE,CHF,31119,37031
mr-004,M1024601,,DEFAULT,DE,CHF,35706,42490
mr-004,,464000,DEFAULT,DE,CHF,35706,42490
mr-004,M1015356,,DEFAULT,DE,CHF,35706,42490
mr-004,,464001,DEFAULT,DE,CHF,35706,42490
mr-004,M1015355,,DEFAULT,DE,CHF,35706,42490
mr-004,,464002,DEFAULT,DE,CHF,35706,42490
mr-004,M1014645,,DEFAULT,DE,CHF,64162,76353
mr-004,,464003,DEFAULT,DE,CHF,64162,76353
mr-004,M1014646,,DEFAULT,DE,CHF,169348,201524
mr-004,,464004,DEFAULT,DE,CHF,169348,201524
mr-004,M1014653,,DEFAULT,DE,CHF,54157,64447
mr-004,,464005,DEFAULT,DE,CHF,54157,64447
mr-004,M1014656,,DEFAULT,DE,CHF,44414,52896
mr-004,,464007,DEFAULT,DE,CHF,44414,52896
mr-004,M1014642,,DEFAULT,DE,CHF,44886,53414
mr-004,,464012,DEFAULT,DE,CHF,44886,53414
mr-004,M1014643,,DEFAULT,DE,CHF,50393,59968
mr-004,,464013,DEFAULT,DE,CHF,50393,59968
mr-004,M1014644,,DEFAULT,DE,CHF,57737,68707
mr-004,,464014,DEFAULT,DE,CHF,57737,68707
mr-004,M88181,,DEFAULT,DE,CHF,197354,234851
mr-004,,490001,DEFAULT,DE,CHF,197354,234851
mr-004,M88182,,DEFAULT,DE,CHF,224891,267622
mr-004,,490002,DEFAULT,DE,CHF,224891,267622
mr-004,M857,,DEFAULT,DE,CHF,23179,27583
mr-004,,500344,DEFAULT,DE,CHF,23179,27583
mr-004,M75730,,DEFAULT,DE,CHF,18556,22082
mr-004,,500380,DEFAULT,DE,CHF,18556,22082
mr-004,M852,,DEFAULT,DE,CHF,31174,37097
mr-004,,500487,DEFAULT,DE,CHF,31174,37097
mr-004,M58335,,DEFAULT,DE,CHF,30978,36863
mr-004,,500942,DEFAULT,DE,CHF,30978,36863
mr-004,M58336,,DEFAULT,DE,CHF,51235,60970
mr-004,,500946,DEFAULT,DE,CHF,51235,60970
mr-004,M58315,,DEFAULT,DE,CHF,26527,31567
mr-004,,501000,DEFAULT,DE,CHF,26527,31567
mr-004,M62306,,DEFAULT,DE,CHF,7012,8346
mr-004,,501022,DEFAULT,DE,CHF,7012,8346
mr-004,M62301,,DEFAULT,DE,CHF,4782,5690
mr-004,,501039,DEFAULT,DE,CHF,4782,5690
mr-004,M62305,,DEFAULT,DE,CHF,6020,7163
mr-004,,501040,DEFAULT,DE,CHF,6020,7163
mr-004,M68854,,DEFAULT,DE,CHF,56636,67397
mr-004,,501517,DEFAULT,DE,CHF,56636,67397
mr-004,M68726,,DEFAULT,DE,CHF,19734,23485
mr-004,,502173,DEFAULT,DE,CHF,19734,23485
mr-004,M68727,,DEFAULT,DE,CHF,21019,25014
mr-004,,502178,DEFAULT,DE,CHF,21019,25014
mr-004,M1896,,DEFAULT,DE,CHF,51754,61588
mr-004,,506670,DEFAULT,DE,CHF,51754,61588
mr-004,M858,,DEFAULT,DE,CHF,38730,46089
mr-004,,506719,DEFAULT,DE,CHF,38730,46089
mr-004,M859,,DEFAULT,DE,CHF,43024,51199
mr-004,,507871,DEFAULT,DE,CHF,43024,51199
mr-004,M75686,,DEFAULT,DE,CHF,42804,50937
mr-004,,507920,DEFAULT,DE,CHF,42804,50937
mr-004,M856,,DEFAULT,DE,CHF,22190,26406
mr-004,,508165,DEFAULT,DE,CHF,22190,26406
mr-004,M43347,,DEFAULT,DE,CHF,16587,19738
mr-004,,508321,DEFAULT,DE,CHF,16587,19738
mr-004,M75727,,DEFAULT,DE,CHF,52784,62814
mr-004,,508328,DEFAULT,DE,CHF,52784,62814
mr-004,M75700,,DEFAULT,DE,CHF,25376,30197
mr-004,,508330,DEFAULT,DE,CHF,25376,30197
mr-004,M75685,,DEFAULT,DE,CHF,43481,51743
mr-004,,508378,DEFAULT,DE,CHF,43481,51743
mr-004,M55895,,DEFAULT,DE,CHF,36625,43583
mr-004,,509070,DEFAULT,DE,CHF,36625,43583
mr-004,M1014874,,DEFAULT,DE,CHF,17348,20645
mr-004,,512067,DEFAULT,DE,CHF,17348,20645
mr-004,M1014866,,DEFAULT,DE,CHF,18266,21736
mr-004,,512081,DEFAULT,DE,CHF,18266,21736
mr-004,M1014871,,DEFAULT,DE,CHF,18266,21736
mr-004,,512086,DEFAULT,DE,CHF,18266,21736
mr-004,M1014870,,DEFAULT,DE,CHF,18266,21736
mr-004,,512094,DEFAULT,DE,CHF,18266,21736
mr-004,M1013168,,DEFAULT,DE,CHF,6691,7962
mr-004,,517598,DEFAULT,DE,CHF,6691,7962
mr-004,M1013287,,DEFAULT,DE,CHF,11234,13370
mr-004,,517630,DEFAULT,DE,CHF,11234,13370
mr-004,M1013541,,DEFAULT,DE,CHF,13961,16614
mr-004,,519762,DEFAULT,DE,CHF,13961,16614
mr-004,M1016129,,DEFAULT,DE,CHF,28914,34407
mr-004,,520561,DEFAULT,DE,CHF,28914,34407
mr-004,M55936,,DEFAULT,DE,CHF,20358,24226
mr-004,,544183,DEFAULT,DE,CHF,20358,24226
mr-004,M1028702,,DEFAULT,DE,CHF,64162,76353
mr-004,,573330,DEFAULT,DE,CHF,64162,76353
mr-004,M58227,,DEFAULT,DE,CHF,8953,10654
mr-004,,573872,DEFAULT,DE,CHF,8953,10654
mr-004,M58228,,DEFAULT,DE,CHF,11587,13789
mr-004,,573874,DEFAULT,DE,CHF,11587,13789
mr-004,M58230,,DEFAULT,DE,CHF,18560,22086
mr-004,,573878,DEFAULT,DE,CHF,18560,22086
mr-004,M58312,,DEFAULT,DE,CHF,17591,20934
mr-004,,573880,DEFAULT,DE,CHF,17591,20934
mr-004,M58313,,DEFAULT,DE,CHF,18403,21899
mr-004,,573882,DEFAULT,DE,CHF,18403,21899
mr-004,M58314,,DEFAULT,DE,CHF,18677,22225
mr-004,,573884,DEFAULT,DE,CHF,18677,22225
mr-004,M54107,,DEFAULT,DE,CHF,27332,32526
mr-004,,573887,DEFAULT,DE,CHF,27332,32526
mr-004,M54110,,DEFAULT,DE,CHF,51674,61492
mr-004,,573888,DEFAULT,DE,CHF,51674,61492
mr-004,M54111,,DEFAULT,DE,CHF,50106,59627
mr-004,,573889,DEFAULT,DE,CHF,50106,59627
mr-004,M54113,,DEFAULT,DE,CHF,91700,109123
mr-004,,573890,DEFAULT,DE,CHF,91700,109123
mr-004,M55937,,DEFAULT,DE,CHF,36625,43583
mr-004,,573906,DEFAULT,DE,CHF,36625,43583
mr-004,M1018211,,DEFAULT,DE,CHF,33045,39323
mr-004,,573939,DEFAULT,DE,CHF,33045,39323
mr-004,M635,,DEFAULT,DE,CHF,95923,114148
mr-004,,574598,DEFAULT,DE,CHF,95923,114148
mr-004,M1014496,,DEFAULT,DE,CHF,109691,130534
mr-004,,574599,DEFAULT,DE,CHF,109691,130534
mr-004,M636,,DEFAULT,DE,CHF,139983,166580
mr-004,,574601,DEFAULT,DE,CHF,139983,166580
mr-004,M74966,,DEFAULT,DE,CHF,139983,166580
mr-004,,574602,DEFAULT,DE,CHF,139983,166580
mr-004,M1014502,,DEFAULT,DE,CHF,144573,172042
mr-004,,574603,DEFAULT,DE,CHF,144573,172042
mr-004,M1028095,,DEFAULT,DE,CHF,7609,9055
mr-004,,574969,DEFAULT,DE,CHF,7609,9055
mr-004,M49320,,DEFAULT,DE,CHF,66916,79630
mr-004,,574971,DEFAULT,DE,CHF,66916,79630
mr-004,M78380,,DEFAULT,DE,CHF,69422,82613
mr-004,,574972,DEFAULT,DE,CHF,69422,82613
mr-004,M90850,,DEFAULT,DE,CHF,91700,109123
mr-004,,574973,DEFAULT,DE,CHF,91700,109123
mr-004,M1017945,,DEFAULT,DE,CHF,32953,39214
mr-004,,574987,DEFAULT,DE,CHF,32953,39214
mr-004,M1017905,,DEFAULT,DE,CHF,66631,79292
mr-004,M1017905,,ORIGINAL,DE,CHF,74034,88102
mr-004,,574995,DEFAULT,DE,CHF,66631,79292
mr-004,,574995,ORIGINAL,DE,CHF,74034,88102
mr-004,M72939,,DEFAULT,DE,CHF,49002,58312
mr-004,,575056,DEFAULT,DE,CHF,49002,58312
mr-004,M72940,,DEFAULT,DE,CHF,53135,63231
mr-004,,575057,DEFAULT,DE,CHF,53135,63231
mr-004,M72942,,DEFAULT,DE,CHF,58819,69994
mr-004,,575058,DEFAULT,DE,CHF,58819,69994
mr-004,M72943,,DEFAULT,DE,CHF,60455,71942
mr-004,,575059,DEFAULT,DE,CHF,60455,71942
mr-004,M72944,,DEFAULT,DE,CHF,63728,75837
mr-004,,575060,DEFAULT,DE,CHF,63728,75837
mr-004,M72945,,DEFAULT,DE,CHF,67001,79731
mr-004,,575061,DEFAULT,DE,CHF,67001,79731
mr-004,M1017902,,DEFAULT,DE,CHF,60370,71840
mr-004,,575065,DEFAULT,DE,CHF,60370,71840
mr-004,M1022632,,DEFAULT,DE,CHF,32769,38994
mr-004,,575186,DEFAULT,DE,CHF,32769,38994
mr-004,M1022643,,DEFAULT,DE,CHF,32769,38994
mr-004,,575191,DEFAULT,DE,CHF,32769,38994
mr-004,M1022640,,DEFAULT,DE,CHF,27859,33153
mr-004,,575193,DEFAULT,DE,CHF,27859,33153
mr-004,M1028061,,DEFAULT,DE,CHF,20281,24134
mr-004,,575257,DEFAULT,DE,CHF,20281,24134
mr-004,M1028062,,DEFAULT,DE,CHF,22046,26235
mr-004,,575260,DEFAULT,DE,CHF,22046,26235
mr-004,M1030133,,DEFAULT,DE,CHF,13348,15884
mr-004,,575284,DEFAULT,DE,CHF,13348,15884
mr-004,M29930,,DEFAULT,DE,CHF,852589,1014581
mr-004,,621613,DEFAULT,DE,CHF,852589,1014581
mr-004,M29929,,DEFAULT,DE,CHF,766469,912098
mr-004,,621614,DEFAULT,DE,CHF,766469,912098
mr-004,M29931,,DEFAULT,DE,CHF,706185,840359
mr-004,,621618,DEFAULT,DE,CHF,706185,840359
mr-004,M1028483,,DEFAULT,DE,CHF,20308,24166
mr-004,,632992,DEFAULT,DE,CHF,20308,24166
mr-004,M21705,,DEFAULT,DE,CHF,1471,1750
mr-004,,655941,DEFAULT,DE,CHF,1471,1750
mr-004,M83,,DEFAULT,DE,CHF,8921,10616
mr-004,,657712,DEFAULT,DE,CHF,8921,10616
mr-004,M84,,DEFAULT,DE,CHF,8921,10616
mr-004,,657713,DEFAULT,DE,CHF,8921,10616
mr-004,M85,,DEFAULT,DE,CHF,8921,10616
mr-004,,657714,DEFAULT,DE,CHF,8921,10616
mr-004,M86,,DEFAULT,DE,CHF,8921,10616
mr-004,,657715,DEFAULT,DE,CHF,8921,10616
mr-004,M87,,DEFAULT,DE,CHF,8921,10616
mr-004,,657716,DEFAULT,DE,CHF,8921,10616
mr-004,M111,,DEFAULT,DE,CHF,14639,17421
mr-004,,673327,DEFAULT,DE,CHF,14639,17421
mr-004,B0001,,DEFAULT,DE,CHF,95048,188574
mr-004,B0001,,ORIGINAL,DE,CHF,105608,124995
mr-004,,000101,DEFAULT,DE,CHF,95048,188574
mr-004,,000101,ORIGINAL,DE,CHF,105608,124995
mr-004,B0002,,DEFAULT,DE,CHF,26372,31384
mr-004,,000201,DEFAULT,DE,CHF,26372,31384
mr-004,M12656,,DEFAULT,DE,CHF,18413,21911
mr-004,,107255,DEFAULT,DE,CHF,18413,21911
