name,description,template_path
Main Layout,The Slots layout in sections that are repeatable across the Store.,@ShopUi/templates/page-layout-main/page-layout-main.twig
Home Page,"The layout of Slots in the Home Page, always below Store Header including Navigation, and above Store Footer.",@HomePage/views/home/home.twig
Category + Slots,"The layout of Slots in Category Pages, always below Header including Navigation, and above Store Footer. This Templates is used for all Category Pages.",@CatalogPage/views/catalog-with-cms-slot/catalog-with-cms-slot.twig
Product,"The layout of Slots in the Product Pages, always below Header including Navigation, and above Store Footer. This Templates is used for all Products Pages.",@ProductDetailPage/views/pdp/pdp.twig
CMS Page: Placeholders Title and Content + Slot,A CMS Page that includes a Slot as well.,@Cms/templates/placeholders-title-content-slot/placeholders-title-content-slot.twig
Checkout Page,Slots for checkout page in footer,@CheckoutPage/templates/page-layout-checkout/page-layout-checkout.twig
