key,name,description,navigation_key.default,navigation_key.de_DE,navigation_key.en_US
navigation-main-desktop,Desktop navigation,,MAIN_NAVIGATION,,
navigation-main-mobile,Mobile navigation,,MAIN_NAVIGATION,,
navigation-footer,Footer navigation,,FOOTER_NAVIGATION,,
navigation-payment-providers,List of payment providers,,PAYMENT_PROVIDERS,,
navigation-shipment-providers,List of carriers,,SHIPMENT_PROVIDERS,,
navigation-social-links,List of social networks,,SOCIAL_LINKS,,
navigation-partners,List of partners,,PARTNERS,,
navigation-footer-categories,List of top categories,,FOOTER_NAVIGATION_TOP_CATEGORIES,,
navigation-footer-brands,List of popular brands,,FOOTER_NAVIGATION_POPULAR_BRANDS,,
