key,name,description,skus.default,skus.en_US,skus.de_DE
apl-1,Featured Products,Featured Products Promotion,"M21692,M23723,M29455,M21766,B0002,M21189,M1896,M23725","",""
apl-2,Top sellers Products,Top sellers Products Promotion,"M21100,M29529,M23475,M29503,M74972,M23725","",""
apl-3,Best Selling Products,Best Selling Products Promotion for Landing Pages,"M21692,M23723,M29455,M21766,B0002,M21189","",""
apl-4,New in sale Products,New in sale Products Promotion for Landing Page,"M528,M11542,M21759,M24418,M24605,M29455","",""
