merchant_key,merchant_reference,merchant_name,registration_number,status,email,is_active,url.de_DE,url.en_US
demo-restrictions-1,MER000001,Products Restrictions Merchant,1,approved,demo-restrictions-1@merchant.com,1,/en/merchant/demo-restrictions-1,/de/merchant/demo-restrictions-1
demo-prices-1,MER000002,Prices Merchant,2,approved,demo-prices-1@merchant.com,1,/en/merchant/demo-prices-1,/de/merchant/demo-prices-1
kudu-merchant-1,MER000003,Kudu Merchant,3,approved,kudu-merchant-1@merchant.com,1,/en/merchant/kudu-merchant-1,/de/merchant/kudu-merchant-1
oryx-merchant-1,MER000004,Oryx Merchant,4,approved,oryx-merchant-1@merchant.com,1,/en/merchant/oryx-merchant-1,/de/merchant/oryx-merchant-1
impala-merchant-1,MER000005,Impala Merchant,5,approved,impala@merchant.com,1,/en/merchant/impala-merchant-1,/de/merchant/impala-merchant-1
sugar-monster,MER000006,Sugar Monster,6,approved,sugar.monster@merchant.com,1,/de/merchant/sugar-monster,/en/merchant/sugar-monster
restrictions-merchant,MER000007,Restrictions Merchant,7,approved,restrictions@merchant.com,1,/de/merchant/restrictions-merchant,/en/merchant/restrictions-merchant
