warehouse_name,address1,address2,address3,zip_code,city,region_name,country_iso2_code,phone,comment
Warehouse1,Hallesches Ufer 71,,,73271,Holzmaden,,DE,+49 7023 87 33 18,
Warehouse2,Leobnerstrasse 19,,,3107,Greiling,,AT,+43 699 173 76 39,
Warehouse3,641 Pursglove Court,,,97758,Riley,,US,+1 937-280-4973,
Spryker MER000001 Warehouse 1,Lietzenburger Strasse 73,,,52391,Vettweiß,,DE,+49 2252 53 42 48,
Video King MER000002 Warehouse 1,Los-Angeles-Platz 12,,,22826,Norderstedt,,DE,+49 40 44 63 66,
Budget Cameras MER000005 Warehouse 1,Kurfuerstendamm 96,,,89077,Ulm Weststadt,,DE,+49 73 52 52 98,
Sony Experts MER000006 Warehouse 1,Wallstrasse 58,,,53507,Dernau,,DE,+49 2643 48 41 25,
